complex_id,split,mutation,ddG,target_id
TRAIN_1,train,M00,1.662,
TRAIN_1,train,M01,1.225,
TRAIN_1,train,M02,0.989,
TRAIN_1,train,M03,2.074,
TRAIN_1,train,M04,1.147,
TRAIN_1,train,M05,0.408,
TRAIN_1,train,M06,1.761,
TRAIN_1,train,M07,1.075,
TRAIN_1,train,M08,1.027,
TRAIN_1,train,M09,1.115,
TRAIN_1,train,M10,1.435,
TRAIN_1,train,M11,1.428,
TRAIN_2,train,M00,1.285,
TRAIN_2,train,M01,1.773,
TRAIN_2,train,M02,1.596,
TRAIN_2,train,M03,2.158,
TRAIN_2,train,M04,2.436,
TRAIN_2,train,M05,1.692,
TRAIN_2,train,M06,1.953,
TRAIN_2,train,M07,2.216,
TRAIN_2,train,M08,2.459,
TRAIN_2,train,M09,2.389,
TRAIN_2,train,M10,2.357,
TRAIN_2,train,M11,1.367,
TRAIN_3,train,M00,0.689,
TRAIN_3,train,M01,0.687,
TRAIN_3,train,M02,0.688,
TRAIN_3,train,M03,1.027,
TRAIN_3,train,M04,0.812,
TRAIN_3,train,M05,1.131,
TRAIN_3,train,M06,0.67,
TRAIN_3,train,M07,0.618,
TRAIN_3,train,M08,0.627,
TRAIN_3,train,M09,0.221,
TRAIN_3,train,M10,0.684,
TRAIN_3,train,M11,0.658,
TRAIN_4,train,M00,1.51,
TRAIN_4,train,M01,2.209,
TRAIN_4,train,M02,1.052,
TRAIN_4,train,M03,1.481,
TRAIN_4,train,M04,1.423,
TRAIN_4,train,M05,1.387,
TRAIN_4,train,M06,1.27,
TRAIN_4,train,M07,1.393,
TRAIN_4,train,M08,2.037,
TRAIN_4,train,M09,1.928,
TRAIN_4,train,M10,0.868,
TRAIN_4,train,M11,1.529,
TRAIN_5,train,M00,2.165,
TRAIN_5,train,M01,2.096,
TRAIN_5,train,M02,2.177,
TRAIN_5,train,M03,2.171,
TRAIN_5,train,M04,2.325,
TRAIN_5,train,M05,2.516,
TRAIN_5,train,M06,2.245,
TRAIN_5,train,M07,2.451,
TRAIN_5,train,M08,2.737,
TRAIN_5,train,M09,2.32,
TRAIN_5,train,M10,2.409,
TRAIN_5,train,M11,2.763,
TEST_T1,test,M00,1.716,test_0002
TEST_T1,test,M01,1.224,test_0002
TEST_T1,test,M02,1.38,test_0002
TEST_T1,test,M03,1.825,test_0002
TEST_T1,test,M04,1.127,test_0002
TEST_T1,test,M05,0.377,test_0002
TEST_T1,test,M06,1.782,test_0002
TEST_T1,test,M07,1.204,test_0002
TEST_T1,test,M08,0.898,test_0002
TEST_T1,test,M09,1.071,test_0002
TEST_T1,test,M10,1.512,test_0002
TEST_T1,test,M11,1.523,test_0002
TEST_T1,test,X01,0.4,test_0002
TEST_T1,test,X02,1.9,test_0002
TEST_T1,test,X03,2.8,test_0002
TEST_T1,test,X04,0.9,test_0002
TEST_T2,test,M00,1.137,test_0001
TEST_T2,test,M01,1.364,test_0001
TEST_T2,test,N00,2.323,test_0001
TEST_T2,test,N01,1.699,test_0001
TEST_T2,test,N02,2.4,test_0001
TEST_T2,test,N03,1.721,test_0001
TEST_T2,test,N04,2.264,test_0001
TEST_T2,test,N05,1.643,test_0001
TEST_T2,test,N06,1.963,test_0001
TEST_T2,test,N07,2.203,test_0001
TEST_T2,test,N08,2.224,test_0001
TEST_T2,test,N09,2.274,test_0001
TEST_T3,test,M00,-0.318,test_0000
TEST_T3,test,M01,-2.675,test_0000
TEST_T3,test,M02,3.901,test_0000
TEST_T3,test,M03,1.569,test_0000
TEST_T3,test,M04,1.392,test_0000
TEST_T3,test,M05,3.074,test_0000
TEST_T3,test,M06,1.778,test_0000
TEST_T3,test,M07,-1.117,test_0000
TEST_T3,test,M08,-1.791,test_0000
TEST_T3,test,M09,1.206,test_0000
TEST_T3,test,M10,1.372,test_0000
TEST_T3,test,M11,0.678,test_0000
TEST_T3,test,Y01,0.5,test_0000
TEST_T3,test,Y02,1.1,test_0000
TEST_T4,test,M00,0.681,test_0003
TEST_T4,test,M01,1.725,test_0003
TEST_T4,test,M02,1.468,test_0003
TEST_T4,test,M03,0.345,test_0003
TEST_T4,test,M04,0.827,test_0003
TEST_T4,test,M05,0.732,test_0003
TEST_T4,test,M06,1.184,test_0003
TEST_T4,test,M07,0.957,test_0003
TEST_T4,test,M08,0.642,test_0003
TEST_T4,test,M09,1.327,test_0003
TEST_T4,test,M10,1.371,test_0003
