Dataset,Model,CAM环原子占比,CAM杂原子占比,负贡献边占比*,GradCAM-Edge Spearman
Davis,GATNet,0.6850000000000001,0.234,-0.774,0.025
Davis,GAT_GCN,0.641,0.293,-0.43,0.228
Davis,GCNNet,0.627,0.245,-0.434,0.155
Davis,GINConvNet,0.727,0.23,-0.327,0.583
KIBA,GATNet,0.712,0.322,-0.227,-0.276
KIBA,GAT_GCN,0.775,0.259,-0.408,0.089
KIBA,GCNNet,0.853,0.363,-0.272,0.07099999999999999
KIBA,GINConvNet,0.821,0.346,-0.093,0.721
注：6个低相似度样本（蛋白一致性0%跨簇靶点×逐靶点top20%活性）的均值；CAM环原子/杂原子占比为Grad-CAM权重落入环/杂原子的比例。,,,,,
*负贡献边占比：负值表示遮挡该键后预测平均升高（即该键对预测为负贡献）的边所占比例；Davis上GATNet(−0.77)反映其小药物面板下的预测噪声。,,,,,
