范围,GNN EF1均值,非GNN EF1均值,ΔEF1,GNN EF5均值,非GNN EF5均值,ΔEF5
全部4数据集,2.746,3.678,0.9320000000000001,2.332,3.276,0.9429999999999999
排除Davis,3.189,3.777,0.587,2.607,3.408,0.8
—— 逐数据集 ——,,,,,,
数据集,GNN EF1均值,非GNN EF1均值,ΔEF1,GNN EF5均值,非GNN EF5均值,ΔEF5
ChEMBL,2.238,3.683,1.446,1.822,3.26,1.438
Davis,1.417,3.383,1.966,1.507,2.88,1.373
KIBA,4.255,4.173,-0.082,3.318,3.8,0.483
BindingDB,3.075,3.473,0.398,2.682,3.163,0.481
注：Δ=非GNN−GNN；正值表示非GNN占优。排除Davis后GNN组EF1均值升至3.19（Davis小样本拖累明显），但仍低于非GNN的3.60；唯一反超点为KIBA(ΔEF1=−0.08)。,,,,,,
