model,eval_set,R2,RMSE,MAE,Spearman,n_samples
Zero,Standard,-0.30873556761592846,2.920756366439223,2.059589387149665,0.0,1026
Zero,Audited-40%,-0.31568504698740774,2.9578554402984136,2.1019623500815876,0.0,999
Zero,Audited-30%,-0.2630653940945431,2.707163975420774,1.9634455969855826,0.0,755
Mean,Standard,-0.036754945556446206,2.599605440260112,1.8353806879394348,0.0,1026
Mean,Audited-40%,-0.040620897035792414,2.6305541539027093,1.8642076642452514,,999
Mean,Audited-30%,-0.016173086137736048,2.4282057775656183,1.7671568184060567,0.0,755
Linear,Standard,0.009319968624516783,2.541183834265537,1.8166238240606685,0.20823518130203011,1026
Linear,Audited-40%,0.005795421338169571,2.5712177342049234,1.8446888497039333,0.1963766001279913,999
Linear,Audited-30%,0.02681993542815231,2.3762834645134996,1.7508785247526315,0.20737019664944584,755
RF,Standard,-0.10604747418347804,2.685074025963204,1.9002581394333136,-0.07185902307275864,1026
RF,Audited-40%,-0.11018135131275453,2.7170519319605355,1.9306517263982172,-0.060606996789203484,999
RF,Audited-30%,-0.08541942148374582,2.5095764952482145,1.8366557476397143,-0.0771658933223425,755
