test_complex,n_mutations,n_comparable_train_spearman,max_spearman_rho,best_train_spearman,n_shared_best,max_ks_similarity,best_train_ks,ddG_mean,ddG_std
1ACB_E_I,6,0,,,0,0.6808510638297872,1BRS_A_D,-5.89834384700788,0.9830835298575529
1CBW_FGH_I,31,0,,,0,0.882051282051282,3MZG_A_B,-0.7072838526920491,1.5618455122491974
1CHO_EFG_I,275,0,,,0,0.8446125907990315,3HFM_HL_Y,-2.7873237433980407,2.854305377801025
1CSE_E_I,6,0,,,0,0.7222222222222222,3D3V_ABC_DE,-3.2887349162986084,1.7856334455872205
1CSO_E_I,1,0,,,0,0.0,,4.418672088533332,0.0
1CT0_E_I,1,0,,,0,0.0,,4.100162440636085,0.0
1CT2_E_I,1,0,,,0,0.0,,3.1599642198261573,0.0
1CT4_E_I,1,0,,,0,0.0,,2.9919066821054203,0.0
1EAW_A_B,27,1,0.34396946564885494,3NPS_A_BC,27,0.893719806763285,1KNE_A_P,-0.29912975560895055,0.609893562780218
1F5R_A_I,1,0,,,0,0.0,,1.1707294364944378,0.0
1FY8_E_I,2,0,,,0,0.0,,-0.6705367356635106,0.5001927008309274
1GL0_E_I,2,0,,,0,0.0,,-1.6388164195380974,2.196367317810319
1GL1_A_I,2,0,,,0,0.0,,-2.0623820189071975,2.194511117372675
1N8O_ABC_E,3,0,,,0,0.75,3SE4_B_C,-0.9154452399726459,0.6929248162691864
1PPF_E_I,246,0,,,0,0.8755971467835875,1EMV_A_B,-1.6475830571723618,2.1898868186917775
1R0R_E_I,267,0,,,0,0.8876094404263418,1JRH_LH_I,-1.5929892469442994,2.25695578685428
1SBN_E_I,1,0,,,0,0.0,,0.3099847844839757,0.0
1SGD_E_I,1,0,,,0,0.0,,5.589492221697044,0.0
1SGE_E_I,1,0,,,0,0.0,,5.899205046285187,0.0
1SGN_E_I,1,0,,,0,0.0,,3.3523362242244277,0.0
1SGP_E_I,1,0,,,0,0.0,,2.94741489057928,0.0
1SGQ_E_I,1,0,,,0,0.0,,4.933618701094527,0.0
1SGY_E_I,1,0,,,0,0.0,,1.6525998920274871,0.0
1SIB_E_I,1,0,,,0,0.0,,0.7314923154812043,0.0
1SMF_E_I,5,0,,,0,0.7555555555555555,4CVW_A_C,-2.8492986873592265,1.6483933547592338
1TM1_E_I,21,0,,,0,0.7892307692307692,3QHY_A_B,-2.509901699455464,1.2688738952596028
1TM3_E_I,1,0,,,0,0.0,,1.0935121235831176,0.0
1TM4_E_I,1,0,,,0,0.0,,2.23280013122089,0.0
1TM5_E_I,1,0,,,0,0.0,,1.0276193823672963,0.0
1TM7_E_I,1,0,,,0,0.0,,0.05646404272590627,0.0
1TMG_E_I,1,0,,,0,0.0,,1.0276193823672963,0.0
1TO1_E_I,1,0,,,0,0.0,,2.9814416869343536,0.0
1Y1K_E_I,1,0,,,0,0.0,,2.726841001548385,0.0
1Y33_E_I,1,0,,,0,0.0,,3.7539433860711227,0.0
1Y34_E_I,1,0,,,0,0.0,,3.0525377388430455,0.0
1Y3B_E_I,1,0,,,0,0.0,,2.746256708177271,0.0
1Y3C_E_I,1,0,,,0,0.0,,1.2554631666360152,0.0
1Y3D_E_I,1,0,,,0,0.0,,3.0964189959625403,0.0
1Y48_E_I,1,0,,,0,0.0,,3.7539433860711227,0.0
1Y4A_E_I,1,0,,,0,0.0,,3.547701936420861,0.0
2FTL_E_I,31,0,,,0,0.680186170212766,1BRS_A_D,-6.783779868834715,3.093729932055951
2NU0_E_I,1,0,,,0,0.0,,1.8391591320486151,0.0
2NU1_E_I,1,0,,,0,0.0,,1.6899402680462001,0.0
2NU2_E_I,1,0,,,0,0.0,,3.3199335754804005,0.0
2NU4_E_I,1,0,,,0,0.0,,3.13763622816328,0.0
2SGP_E_I,1,0,,,0,0.0,,8.327893108399582,0.0
2SGQ_E_I,1,0,,,0,0.0,,2.5671808078054767,0.0
2SIC_E_I,10,0,,,0,0.8330677290836653,1A22_A_B,-0.4203725106133236,0.517988309028402
3BTD_E_I,1,0,,,0,0.0,,11.380653199593118,0.0
3BTE_E_I,1,0,,,0,0.0,,9.324001542354546,0.0
3BTF_E_I,1,0,,,0,0.0,,6.952639148620003,0.0
3BTG_E_I,1,0,,,0,0.0,,12.221146895162827,0.0
3BTH_E_I,1,0,,,0,0.0,,8.688590775430104,0.0
3BTM_E_I,1,0,,,0,0.0,,7.610743531537493,0.0
3BTQ_E_I,1,0,,,0,0.0,,9.271204592142084,0.0
3BTT_E_I,1,0,,,0,0.0,,10.485025390073028,0.0
3BTW_E_I,1,0,,,0,0.0,,8.572176974781826,0.0
3BX1_A_C,7,0,,,0,0.8351648351648352,5F4E_A_B,-1.241832682500095,0.9120500639043939
3SGB_E_I,279,0,,,0,0.8711864406779661,3S9D_A_B,-1.8911858354268094,2.2654105833500617
3TGK_E_I,1,0,,,0,0.0,,0.1703440348325832,0.0
