model,seed,eval_set,n,R2,RMSE,MAE,Spearman
Zero,42,Standard,1026,-0.30873556705039373,2.9207563635443257,2.0595893855124974,0.0
Zero,42,Audited-40%,999,-0.3156850463936163,2.957855437390434,2.101962348399637,0.0
Zero,42,Audited-30%,485,-0.28529021595291093,2.3746787141663805,1.752711258183435,0.0
Mean,42,Standard,1026,-0.04079306125640869,2.604663089484492,1.8363555669784546,
Mean,42,Audited-40%,999,-0.044817447662353516,2.6358529937168504,1.865811824798584,
Mean,42,Audited-30%,485,-0.010618090629577637,2.105706196207656,1.5900036096572876,
Linear,42,Standard,1026,-0.02912318706512451,2.5900194847817404,1.828440546989441,0.2536504627697599
Linear,42,Audited-40%,999,-0.0317305326461792,2.61929318569009,1.8523861169815063,0.28016083299000033
Linear,42,Audited-30%,485,0.027744054794311523,2.065354192990849,1.551629662513733,0.25526491735328044
RF,42,Standard,1026,-0.00393435557237809,2.558126620962933,1.8136391830495002,0.18110481725692135
RF,42,Audited-40%,999,-0.00734461055324398,2.588153371831731,1.8411501185465815,0.1840943167726785
RF,42,Audited-30%,485,0.002745494700766349,2.091737884065987,1.5680365497007571,0.16214727113637162
ESM2-mean+MLP,42,Standard,1026,-0.0350041389465332,2.597409435966085,1.834503412246704,0.11268849423690351
ESM2-mean+MLP,42,Audited-40%,999,-0.0388866662979126,2.6283613209835854,1.863434910774231,0.08834815174549188
ESM2-mean+MLP,42,Audited-30%,485,-0.007422685623168945,2.1023745191144765,1.5913443565368652,-0.005018566993171817
ESM2-site+MLP,42,Standard,1026,0.0624348521232605,2.472123075013936,1.7757673263549805,0.3124769265013753
ESM2-site+MLP,42,Audited-40%,999,0.06147521734237671,2.498180681094357,1.7957781553268433,0.32279606866681354
ESM2-site+MLP,42,Audited-30%,485,0.07565855979919434,2.0138190407168324,1.5451343059539795,0.26732674178843957
ESM2-site+TF,42,Standard,1026,-0.024248957633972168,2.5838787261978835,1.8413728475570679,0.1990367394797137
ESM2-site+TF,42,Audited-40%,999,-0.026531457901000977,2.612685427861245,1.868438720703125,0.1832602584749358
ESM2-site+TF,42,Audited-30%,485,0.031138062477111816,2.0617460548989435,1.6009868383407593,0.2630681759940888
Zero,43,Standard,1026,-0.30873556705039373,2.9207563635443257,2.0595893855124974,0.0
Zero,43,Audited-40%,999,-0.3156850463936163,2.957855437390434,2.101962348399637,0.0
Zero,43,Audited-30%,485,-0.28529021595291093,2.3746787141663805,1.752711258183435,0.0
Mean,43,Standard,1026,-0.04079306125640869,2.604663089484492,1.8363555669784546,
Mean,43,Audited-40%,999,-0.044817447662353516,2.6358529937168504,1.865811824798584,
Mean,43,Audited-30%,485,-0.010618090629577637,2.105706196207656,1.5900036096572876,
Linear,43,Standard,1026,-0.02912318706512451,2.5900194847817404,1.828440546989441,0.2536504627697599
Linear,43,Audited-40%,999,-0.0317305326461792,2.61929318569009,1.8523861169815063,0.28016083299000033
Linear,43,Audited-30%,485,0.027744054794311523,2.065354192990849,1.551629662513733,0.25526491735328044
RF,43,Standard,1026,-0.010655244188168211,2.56667509091511,1.8164128517054614,0.17145940770362567
RF,43,Audited-40%,999,-0.013958133645644244,2.5966354788945445,1.8436225804899937,0.1755505189469292
RF,43,Audited-30%,485,-0.007429885825783522,2.1023822136770725,1.572102049253471,0.14911658277987094
ESM2-mean+MLP,43,Standard,1026,-0.02037203311920166,2.5789839729677864,1.8269586563110352,0.12028149251693285
ESM2-mean+MLP,43,Audited-40%,999,-0.02490973472595215,2.610620715261299,1.8593717813491821,0.09629206672474747
ESM2-mean+MLP,43,Audited-30%,485,-0.0032341480255126953,2.0979994736371683,1.597489356994629,0.05281670395617767
ESM2-site+MLP,43,Standard,1026,0.026344895362854004,2.519253879627035,1.726932168006897,0.31519669201176026
ESM2-site+MLP,43,Audited-40%,999,0.023317813873291016,2.5484588004694975,1.7560820579528809,0.3106291507901274
ESM2-site+MLP,43,Audited-30%,485,0.08319646120071411,2.005590968760123,1.4645286798477173,0.3257379211794742
ESM2-site+TF,43,Standard,1026,-0.015595078468322754,2.5729399356999623,1.8053351640701294,0.1917394361707804
ESM2-site+TF,43,Audited-40%,999,-0.017890334129333496,2.6016656895239993,1.8346149921417236,0.1781696278400923
ESM2-site+TF,43,Audited-30%,485,0.08488690853118896,2.003741103240006,1.5525764226913452,0.2599632204144665
Zero,44,Standard,1026,-0.30873556705039373,2.9207563635443257,2.0595893855124974,0.0
Zero,44,Audited-40%,999,-0.3156850463936163,2.957855437390434,2.101962348399637,0.0
Zero,44,Audited-30%,485,-0.28529021595291093,2.3746787141663805,1.752711258183435,0.0
Mean,44,Standard,1026,-0.04079306125640869,2.604663089484492,1.8363555669784546,
Mean,44,Audited-40%,999,-0.044817447662353516,2.6358529937168504,1.865811824798584,
Mean,44,Audited-30%,485,-0.010618090629577637,2.105706196207656,1.5900036096572876,
Linear,44,Standard,1026,-0.02912318706512451,2.5900194847817404,1.828440546989441,0.2536504627697599
Linear,44,Audited-40%,999,-0.0317305326461792,2.61929318569009,1.8523861169815063,0.28016083299000033
Linear,44,Audited-30%,485,0.027744054794311523,2.065354192990849,1.551629662513733,0.25526491735328044
RF,44,Standard,1026,-0.010891357660046452,2.566974892048537,1.81356218313347,0.18200401277855893
RF,44,Audited-40%,999,-0.014440989999327858,2.5972536763649634,1.8413981665778365,0.18477543671804716
RF,44,Audited-30%,485,-0.002281781085926582,2.0970036029419816,1.5684817808030067,0.1682614594703708
ESM2-mean+MLP,44,Standard,1026,-0.02617359161376953,2.586305252156118,1.832402229309082,0.08220774707886448
ESM2-mean+MLP,44,Audited-40%,999,-0.02980029582977295,2.6168419453255454,1.8604127168655396,0.05410429910980826
ESM2-mean+MLP,44,Audited-30%,485,-0.0029206275939941406,2.097671707636249,1.5942327976226807,0.031803681745898496
ESM2-site+MLP,44,Standard,1026,0.13003933429718018,2.381327782509469,1.6592196226119995,0.4065811641079527
ESM2-site+MLP,44,Audited-40%,999,0.1278315782546997,2.4082476757968556,1.6829431056976318,0.41040360372706036
ESM2-site+MLP,44,Audited-30%,485,0.14749479293823242,1.9339834726015996,1.4443268775939941,0.3712452233736089
ESM2-site+TF,44,Standard,1026,-0.07437372207641602,2.646348607708691,1.840588092803955,0.18095982127167576
ESM2-site+TF,44,Audited-40%,999,-0.07524621486663818,2.673960178812002,1.8674354553222656,0.1703978594463569
ESM2-site+TF,44,Audited-30%,485,-0.055277228355407715,2.151728658140175,1.6181436777114868,0.1881773154981663
