dataset,coverage,identity_pct,n_clusters,n_shared_clusters,n_test,n_test_same_cluster,n_test_cross_cluster,cross_cluster_ratio_pct
chembl,0.7,30,76,11,26,16,10,38.46
chembl,0.7,40,93,10,26,12,14,53.85
chembl,0.7,50,105,9,26,9,17,65.38
chembl,0.7,60,117,8,26,8,18,69.23
chembl,0.7,70,128,7,26,7,19,73.08
chembl,0.7,80,131,6,26,6,20,76.92
chembl,0.8,30,85,12,26,15,11,42.31
chembl,0.8,40,97,10,26,12,14,53.85
chembl,0.8,50,109,9,26,9,17,65.38
chembl,0.8,60,119,8,26,8,18,69.23
chembl,0.8,70,128,7,26,7,19,73.08
chembl,0.8,80,131,6,26,6,20,76.92
chembl,0.9,30,99,10,26,11,15,57.69
chembl,0.9,40,104,10,26,11,15,57.69
chembl,0.9,50,113,9,26,9,17,65.38
chembl,0.9,60,122,8,26,8,18,69.23
chembl,0.9,70,128,7,26,7,19,73.08
chembl,0.9,80,131,6,26,6,20,76.92
davis,0.7,30,150,33,65,48,17,26.15
davis,0.7,40,177,32,65,42,23,35.38
davis,0.7,50,208,30,65,33,32,49.23
davis,0.7,60,243,24,65,27,38,58.46
davis,0.7,70,274,16,65,19,46,70.77
davis,0.7,80,304,10,65,13,52,80.0
davis,0.8,30,173,31,65,41,24,36.92
davis,0.8,40,190,30,65,38,27,41.54
davis,0.8,50,216,28,65,31,34,52.31
davis,0.8,60,251,22,65,25,40,61.54
davis,0.8,70,278,15,65,18,47,72.31
davis,0.8,80,305,10,65,13,52,80.0
davis,0.9,30,209,27,65,31,34,52.31
davis,0.9,40,213,26,65,30,35,53.85
davis,0.9,50,232,24,65,27,38,58.46
davis,0.9,60,261,20,65,23,42,64.62
davis,0.9,70,284,15,65,18,47,72.31
davis,0.9,80,307,10,65,13,52,80.0
kiba,0.7,30,89,14,34,21,13,38.24
kiba,0.7,40,106,16,34,20,14,41.18
kiba,0.7,50,134,14,34,17,17,50.0
kiba,0.7,60,150,11,34,13,21,61.76
kiba,0.7,70,168,7,34,8,26,76.47
kiba,0.7,80,186,0,34,0,34,100.0
kiba,0.8,30,103,16,34,20,14,41.18
kiba,0.8,40,114,16,34,20,14,41.18
kiba,0.8,50,135,14,34,17,17,50.0
kiba,0.8,60,152,11,34,13,21,61.76
kiba,0.8,70,169,7,34,8,26,76.47
kiba,0.8,80,186,0,34,0,34,100.0
kiba,0.9,30,129,12,34,15,19,55.88
kiba,0.9,40,131,12,34,15,19,55.88
kiba,0.9,50,147,10,34,13,21,61.76
kiba,0.9,60,158,7,34,9,25,73.53
kiba,0.9,70,175,3,34,3,31,91.18
kiba,0.9,80,188,0,34,0,34,100.0
bindingdb,0.7,30,346,55,112,72,40,35.71
bindingdb,0.7,40,406,49,112,61,51,45.54
bindingdb,0.7,50,453,41,112,50,62,55.36
bindingdb,0.7,60,508,24,112,30,82,73.21
bindingdb,0.7,70,550,20,112,25,87,77.68
bindingdb,0.7,80,590,10,112,11,101,90.18
bindingdb,0.8,30,383,49,112,63,49,43.75
bindingdb,0.8,40,431,44,112,52,60,53.57
bindingdb,0.8,50,471,34,112,41,71,63.39
bindingdb,0.8,60,516,21,112,26,86,76.79
bindingdb,0.8,70,553,18,112,22,90,80.36
bindingdb,0.8,80,590,10,112,11,101,90.18
bindingdb,0.9,30,458,42,112,46,66,58.93
bindingdb,0.9,40,470,38,112,42,70,62.5
bindingdb,0.9,50,498,32,112,36,76,67.86
bindingdb,0.9,60,526,22,112,25,87,77.68
bindingdb,0.9,70,560,20,112,22,90,80.36
bindingdb,0.9,80,592,10,112,11,101,90.18
