dataset,tag,lambda1,lambda2,epochs,R2,RMSE,MAE,Pearson,Spearman,EF@1%,EF@5%,EF@10%,ECE,AUPR,status,walltime_min
kiba,base_l1_0.050_l2_0.10,0.05,0.1,60,0.30600464,0.704569,0.4814242,0.556909,0.48272178592752524,4.6862638061752735,3.818038980150076,3.40327413589145,0.0033639603549363954,0.639239786923276,ok,7.1
kiba,l1_low_0.025,0.025,0.1,60,0.31175244,0.70164526,0.47969714,0.5613679,0.4949063878434258,4.336496740894953,3.841386317511691,3.3882609324230892,0.0030539503944218187,0.6375216960977852,ok,7.1
kiba,l1_high_0.100,0.1,0.1,60,0.30377567,0.7056995,0.47828704,0.55723333,0.4838138880165596,4.284345239600163,3.8398834360212897,3.410781155641352,0.004370019325305275,0.6336988777930136,ok,7.1
kiba,l2_low_0.05,0.05,0.05,60,0.3052227,0.7049658,0.47646627,0.5574582,0.4855480206535758,4.6997670490182015,3.7918603322750375,3.4154580074735175,0.004111806620430515,0.6386806884076458,ok,7.1
kiba,l2_high_0.20,0.05,0.2,60,0.28494602,0.71517885,0.4816411,0.54567397,0.4714365416125908,4.122070970586829,3.7854892244323377,3.3855594323396123,0.006002109505446626,0.6211029542810662,ok,7.1
davis,base_l1_0.050_l2_0.10,0.05,0.1,60,0.21857429,0.05240149,0.03140742,0.4828621,0.4295306787985506,0.0,4.790532544378699,4.894674556213018,0.023689729961759838,0.8897983266870275,ok,25.4
davis,l1_low_0.025,0.025,0.1,60,0.2139386,0.052556694,0.029960092,0.49036425,0.4431903219520269,0.0,4.894674556213018,4.907692307692309,0.029412122713380204,0.8956370212466375,ok,9.5
davis,l1_high_0.100,0.1,0.1,60,0.22070402,0.052330036,0.032965284,0.48867077,0.446212314434188,0.0,4.998816568047338,4.894674556213018,0.01920731990904241,0.8980439921285175,ok,9.6
davis,l2_low_0.05,0.05,0.05,60,0.23172992,0.05195852,0.03001269,0.5024752,0.4619687074930359,0.0,5.0508875739644985,4.855621301775148,0.026044044648850715,0.9032876081955831,ok,9.4
davis,l2_high_0.20,0.05,0.2,60,0.21438694,0.052541703,0.031728927,0.48140606,0.429999716784773,0.0,4.998816568047339,4.894674556213018,0.023526674363162966,0.8898826567802343,ok,9.4
chembl,base_l1_0.050_l2_0.10,0.05,0.1,60,0.1970726251602172,,,,,1.6579043668947957,,,0.0125154238057813,,,
chembl,l1_low_0.025,0.025,0.1,60,0.1792484521865844,,,,,1.5449673342684689,,,0.0150801172099704,,,
chembl,l1_high_0.100,0.1,0.1,60,0.1721466779708862,,,,,1.4885940415089571,,,0.0163733215939641,,,
chembl,l2_low_0.05,0.05,0.05,60,0.18666672706604,,,,,1.683647623259901,,,0.0118160280551592,,,
chembl,l2_high_0.20,0.05,0.2,60,0.1802515387535095,,,,,1.4263284051600584,,,0.0139075419752468,,,
