dataset,target_id,max_bp_spearman,n_shared_drugs,nearest_train_identity_pct,same_cluster_40
chembl,test_0000,0.3614035087719299,19,46.7,True
chembl,test_0001,0.5782386366026665,90,39.900000000000006,False
chembl,test_0002,0.8580172447617355,620,58.9,True
chembl,test_0003,0.7683588907561569,29,63.5,True
chembl,test_0004,0.6,5,0.0,False
chembl,test_0005,,0,25.9,False
chembl,test_0006,0.7370859202500385,204,93.5,True
chembl,test_0007,0.7853457172342622,18,0.0,False
chembl,test_0008,0.01592103670060626,413,0.0,False
chembl,test_0009,0.9500000000000001,9,84.8,True
chembl,test_0010,,0,26.700000000000003,False
chembl,test_0011,0.6615384615384616,14,0.0,False
chembl,test_0012,0.9030303030303028,10,0.0,False
chembl,test_0013,0.6738068458956756,28,93.9,True
chembl,test_0014,,0,0.0,False
chembl,test_0015,0.9999999999999999,5,0.0,False
chembl,test_0016,0.8439607147517014,18,0.0,False
chembl,test_0017,0.7999999999999999,5,33.7,False
chembl,test_0018,0.6032543515607274,57,93.7,True
chembl,test_0019,0.6783216783216784,12,48.9,True
chembl,test_0020,0.4761904761904762,8,97.8,True
chembl,test_0021,0.7105478071451402,150,0.0,True
chembl,test_0022,,0,74.7,True
chembl,test_0023,0.7999999999999999,5,0.0,False
chembl,test_0024,,0,95.4,True
chembl,test_0025,,0,0.0,False
davis,test_0000,0.8582001253022653,66,90.3,True
davis,test_0001,0.62349882823568,66,52.2,True
davis,test_0002,0.6862983928782214,66,0.0,False
davis,test_0003,0.8883911819842992,66,59.4,True
davis,test_0004,0.45264770308686747,66,0.0,False
davis,test_0005,0.7980759637329383,66,99.9,True
davis,test_0006,0.8112006126075945,66,99.9,True
davis,test_0007,0.9701727045639863,66,99.9,True
davis,test_0008,0.7933311916739683,66,42.8,True
davis,test_0009,0.8646340244712636,66,86.9,True
davis,test_0010,0.9420423801501052,66,64.3,True
davis,test_0011,0.798476959460851,66,27.700000000000003,False
davis,test_0012,0.4018598952950623,66,67.0,True
davis,test_0013,0.6905622987366856,66,68.4,True
davis,test_0014,0.6884206786556585,66,0.0,False
davis,test_0015,0.7335547557032808,66,0.0,False
davis,test_0016,0.7243734635797585,66,0.0,False
davis,test_0017,0.8409601780269101,66,0.0,False
davis,test_0018,0.5748873265603438,66,0.0,False
davis,test_0019,0.9290770731211055,66,0.0,False
davis,test_0020,0.8616836615175189,66,77.4,True
davis,test_0021,0.7827233588516794,66,0.0,False
davis,test_0022,0.5572778934937341,66,0.0,True
davis,test_0023,0.8749579123076346,66,84.3,True
davis,test_0024,0.8777599002979755,66,0.0,True
davis,test_0025,0.8269749661454135,66,54.2,True
davis,test_0026,0.7481464086737841,66,51.1,True
davis,test_0027,0.8110433917377293,66,36.1,False
davis,test_0028,0.6810398151099449,66,34.4,False
davis,test_0029,0.8296043910534184,66,0.0,False
davis,test_0030,0.7115207435734368,66,0.0,False
davis,test_0031,0.8253166395317155,66,0.0,False
davis,test_0032,0.6822857316474865,66,68.7,True
davis,test_0033,0.9144028869992056,66,99.9,True
davis,test_0034,0.579352557290155,66,0.0,False
davis,test_0035,0.9743085231628948,66,99.8,True
davis,test_0036,0.975319815951419,66,99.8,True
davis,test_0037,0.7071825420256318,66,0.0,False
davis,test_0038,0.7987469000304115,66,34.599999999999994,False
davis,test_0039,0.9198241177563597,66,56.7,True
davis,test_0040,0.6902086060934268,66,73.3,True
davis,test_0041,0.7279026759569547,66,62.0,True
davis,test_0042,0.6979889176494364,66,0.0,False
davis,test_0043,0.5828504113804435,66,0.0,False
davis,test_0044,0.9029297950909092,66,99.7,True
davis,test_0045,0.8898766681865818,66,78.9,True
davis,test_0046,0.9380719736697005,66,99.9,True
davis,test_0047,0.734635095187049,66,0.0,False
davis,test_0048,0.8256060606060606,66,76.1,True
davis,test_0049,0.6623158676179833,66,50.4,True
davis,test_0050,0.8785443577238783,66,82.69999999999999,True
davis,test_0051,0.7680521296293749,66,74.3,True
davis,test_0052,0.9334728407161801,66,0.0,False
davis,test_0053,0.8639440309596434,66,45.6,True
davis,test_0054,0.6592440643602376,66,48.7,True
davis,test_0055,0.8263008439564046,66,67.2,True
davis,test_0056,0.7910856854467871,66,42.2,True
davis,test_0057,0.6870842913416877,66,0.0,False
davis,test_0058,0.6495750885932575,66,49.1,True
davis,test_0059,0.9343686939465743,66,61.0,True
davis,test_0060,0.7348400640186582,66,0.0,False
davis,test_0061,0.9138032517668805,66,0.0,False
davis,test_0062,0.6771601398369043,66,0.0,False
davis,test_0063,0.8830927452360897,66,0.0,False
davis,test_0064,0.7502204166879002,66,85.2,True
kiba,test_0000,1.0,9,49.1,True
kiba,test_0001,1.0,5,0.0,False
kiba,test_0002,0.9022754528239818,11,0.0,False
kiba,test_0003,0.9176629354822471,5,0.0,False
kiba,test_0004,1.0,9,75.6,True
kiba,test_0005,1.0,48,0.0,False
kiba,test_0006,0.8074660084424384,19,0.0,False
kiba,test_0007,0.7905694150420948,5,75.5,True
kiba,test_0008,1.0,14,66.9,True
kiba,test_0009,0.7254762501100117,5,0.0,False
kiba,test_0010,1.0,5,0.0,False
kiba,test_0011,1.0,5,67.10000000000001,True
kiba,test_0012,0.9400892502664806,12,75.7,True
kiba,test_0013,0.8040302522073697,9,53.2,True
kiba,test_0014,0.9999999999999999,5,0.0,False
kiba,test_0015,1.0,14,0.0,False
kiba,test_0016,0.7119436052459582,18,46.8,True
kiba,test_0017,0.8804062740424288,6,0.0,False
kiba,test_0018,0.8825263743854622,24,0.0,False
kiba,test_0019,1.0,5,54.1,True
kiba,test_0020,1.0,6,0.0,False
kiba,test_0021,1.0,9,44.7,True
kiba,test_0022,0.9999999999999999,5,49.0,True
kiba,test_0023,0.8996469021204838,7,50.0,True
kiba,test_0024,1.0,7,72.3,True
kiba,test_0025,0.6083323252331397,14,0.0,False
kiba,test_0026,0.8782354160856677,13,0.0,False
kiba,test_0027,0.9999999999999999,8,0.0,True
kiba,test_0028,1.0,33,75.4,True
kiba,test_0029,1.0,5,65.8,True
kiba,test_0030,1.0,7,67.10000000000001,True
kiba,test_0031,1.0,5,68.2,True
kiba,test_0032,0.875760539039714,12,65.8,True
kiba,test_0033,0.9999999999999999,12,71.7,True
bindingdb,test_0000,0.9405399431259602,7,46.1,True
bindingdb,test_0001,0.618308239570533,80,0.0,False
bindingdb,test_0002,0.8695652173913043,7,0.0,False
bindingdb,test_0003,,0,0.0,False
bindingdb,test_0004,0.6956083436402525,6,0.0,False
bindingdb,test_0005,,0,0.0,False
bindingdb,test_0006,,0,0.0,False
bindingdb,test_0007,0.3714285714285715,6,0.0,False
bindingdb,test_0008,1.0,8,79.5,True
bindingdb,test_0009,0.6756639246921762,7,0.0,False
bindingdb,test_0010,,0,0.0,False
bindingdb,test_0011,0.1502277047978728,17,41.9,True
bindingdb,test_0012,0.9565217391304348,7,72.5,True
bindingdb,test_0013,,0,0.0,False
bindingdb,test_0014,,0,95.2,True
bindingdb,test_0015,0.8048299844431397,79,57.9,True
bindingdb,test_0016,0.8178608201095308,7,90.5,True
bindingdb,test_0017,0.7714285714285715,6,0.0,False
bindingdb,test_0018,,0,0.0,False
bindingdb,test_0019,0.9615384615384616,7,0.0,False
bindingdb,test_0020,0.942857142857143,6,95.0,True
bindingdb,test_0021,,0,0.0,False
bindingdb,test_0022,-0.12613124477737828,7,83.3,True
bindingdb,test_0023,0.8996469021204838,7,0.0,False
bindingdb,test_0024,0.9312136137453235,79,0.0,False
bindingdb,test_0025,0.8695652173913043,7,0.0,False
bindingdb,test_0026,0.7875653502886536,79,0.0,False
bindingdb,test_0027,0.8178608201095307,7,0.0,False
bindingdb,test_0028,,0,47.4,True
bindingdb,test_0029,0.9123068062995309,16,76.6,True
bindingdb,test_0030,,0,0.0,False
bindingdb,test_0031,0.6520013717896245,22,0.0,False
bindingdb,test_0032,0.8846153846153846,7,0.0,False
bindingdb,test_0033,0.6507600665534404,81,0.0,False
bindingdb,test_0034,,0,88.3,True
bindingdb,test_0035,0.6985011167299149,73,34.1,False
bindingdb,test_0036,0.8355044182110838,7,0.0,True
bindingdb,test_0037,0.8355044182110838,7,0.0,True
bindingdb,test_0038,0.6873725143097237,73,0.0,True
bindingdb,test_0039,,0,32.0,False
bindingdb,test_0040,0.890330592035236,73,51.8,True
bindingdb,test_0041,,0,0.0,False
bindingdb,test_0042,0.9407599885877662,73,60.3,True
bindingdb,test_0043,0.826086956521739,7,51.1,True
bindingdb,test_0044,0.7829376374110455,72,0.0,False
bindingdb,test_0045,0.9547244094488186,80,51.8,True
bindingdb,test_0046,,0,0.0,False
bindingdb,test_0047,-0.10397504898200728,8,81.8,True
bindingdb,test_0048,0.9112831283005917,80,82.19999999999999,True
bindingdb,test_0049,0.9136583691317357,80,75.7,True
bindingdb,test_0050,0.9405399431259602,7,69.6,True
bindingdb,test_0051,0.9056158450191529,83,42.6,True
bindingdb,test_0052,0.9761904761904763,8,88.2,True
bindingdb,test_0053,0.6633720567524333,79,37.0,False
bindingdb,test_0054,0.872452784330982,84,34.4,False
bindingdb,test_0055,1.0,5,0.0,False
bindingdb,test_0056,0.8771426146044474,80,53.2,True
bindingdb,test_0057,,0,97.7,True
bindingdb,test_0058,0.8996469021204838,7,0.0,False
bindingdb,test_0059,,0,0.0,False
bindingdb,test_0060,0.8695652173913043,7,51.4,True
bindingdb,test_0061,,0,0.0,False
bindingdb,test_0062,0.9692195995485106,80,80.10000000000001,True
bindingdb,test_0063,0.2,6,48.0,True
bindingdb,test_0064,,0,34.0,False
bindingdb,test_0065,0.8708317777242175,79,0.0,False
bindingdb,test_0066,0.8521192250170976,61,32.1,False
bindingdb,test_0067,,0,0.0,False
bindingdb,test_0068,0.7047985886855437,79,0.0,False
bindingdb,test_0069,0.25374488733735845,19,47.0,True
bindingdb,test_0070,0.826086956521739,7,56.2,True
bindingdb,test_0071,0.8012967597996346,83,0.0,False
bindingdb,test_0072,0.8996469021204838,7,54.1,True
bindingdb,test_0073,0.861038892124287,82,59.4,True
bindingdb,test_0074,,0,0.0,False
bindingdb,test_0075,0.8996469021204838,7,61.9,True
bindingdb,test_0076,0.9405399431259602,7,46.9,True
bindingdb,test_0077,0.8285714285714287,6,36.7,False
bindingdb,test_0078,,0,48.9,True
bindingdb,test_0079,0.6392983722037847,32,0.0,False
bindingdb,test_0080,0.9565217391304348,7,0.0,False
bindingdb,test_0081,0.8123494315561867,79,28.1,False
bindingdb,test_0082,0.8435721511453278,85,41.6,True
bindingdb,test_0083,0.8982008299775935,82,79.10000000000001,True
bindingdb,test_0084,,0,0.0,False
bindingdb,test_0085,0.8574929257125441,6,26.9,True
bindingdb,test_0086,0.7075864152846433,38,50.0,True
bindingdb,test_0087,0.8695652173913043,7,76.1,True
bindingdb,test_0088,0.7999999999999999,5,29.0,False
bindingdb,test_0089,0.8710252529025608,79,0.0,True
bindingdb,test_0090,0.8705340741105142,80,54.6,True
bindingdb,test_0091,,0,26.6,False
bindingdb,test_0092,0.8265975470482059,79,72.5,True
bindingdb,test_0093,0.8824430493080595,79,78.4,True
bindingdb,test_0094,0.851222019242716,79,82.69999999999999,True
bindingdb,test_0095,,0,0.0,False
bindingdb,test_0096,,0,0.0,False
bindingdb,test_0097,0.5045249791095131,7,72.3,True
bindingdb,test_0098,,0,0.0,False
bindingdb,test_0099,,0,0.0,False
bindingdb,test_0100,0.8492085478172445,79,54.7,True
bindingdb,test_0101,0.9455022824604936,80,53.900000000000006,True
bindingdb,test_0102,0.8828295892956409,7,0.0,False
bindingdb,test_0103,0.6698938453032356,7,94.7,True
bindingdb,test_0104,,0,0.0,False
bindingdb,test_0105,,0,0.0,False
bindingdb,test_0106,,0,28.2,False
bindingdb,test_0107,,0,0.0,False
bindingdb,test_0108,,0,36.0,False
bindingdb,test_0109,0.6698938453032356,7,98.2,True
bindingdb,test_0110,,0,28.4,False
bindingdb,test_0111,,0,0.0,False
