dataset,model,family,n_full,n_cross,full_R2,full_RMSE,full_MAE,full_EF@1%,full_EF@5%,full_EF@10%,full_ECE,sub_R2,sub_RMSE,sub_MAE,sub_EF@1%,sub_EF@5%,sub_EF@10%,sub_ECE
davis,GCNNet,GNN,4290,1782,0.39520452601113554,0.6640151816750928,0.4326488992828867,4.8809523809523805,4.275700934579439,3.4965034965034962,0.013738469656091174,0.24911183771834888,0.6825526991669081,0.44479922547217304,4.711169861202908,3.5995455119303115,2.755902032571645,0.01189840051626423
davis,GATNet,GNN,4290,1782,0.2249403516267593,0.7516943850781231,0.5433082002581973,4.523809523809524,3.9485981308411215,3.1118881118881117,0.024807534813716774,0.21660360708637505,0.6971710476995969,0.48720664956620513,4.122273628552544,3.7120313091781343,3.0089950763792452,0.0177183566219278
davis,GAT_GCN,GNN,4290,1782,0.3941005477046915,0.6646209435943476,0.4500307705574658,5.0,4.345794392523364,3.4965034965034962,0.017943996442784032,0.26055754333269965,0.6773306852700203,0.4419774693404518,4.122273628552544,3.3183310188107558,2.755902032571645,0.012692469909695697
davis,GINConvNet,GNN,4290,1782,0.2447980143794548,0.7420023902720416,0.4744002502281349,4.523809523809524,4.11214953271028,3.5314685314685312,0.042132639077823206,0.17532673400984733,0.7153021287759121,0.4356297582354476,4.122273628552544,3.374573917434667,3.121480873627067,0.04302126825201079
davis,Reptile-Transformer,non-GNN,4290,1782,0.2257283315814974,0.05216106933511589,0.03212633544192725,5.0,4.883177570093458,4.801864801864801,0.02055316113152363,0.26449481080111625,0.04390475580808277,0.027803415936385474,5.00561797752809,4.949375078904178,4.893132180280268,0.00815077045931307
kiba,GCNNet,GNN,20502,9608,0.212047520220342,0.7291824263303893,0.5255694310905387,4.415064842355741,3.697921713265913,3.2271440809042238,0.0028919455582523445,0.04023069695102366,0.7751842141067936,0.5924115447477933,4.32426687489155,3.699071664063856,3.219755335762624,0.020367819174310357
kiba,GATNet,GNN,20502,9608,-0.10341545369187433,0.862890546640496,0.6053917309782259,4.0247828673408685,3.0929846519928614,2.4978046400951817,0.02020597819636352,-0.12837491398297507,0.8405202936513804,0.6080355280444187,4.167968072184626,3.386474058650009,2.636239805656776,0.02959096867789717
kiba,GAT_GCN,GNN,20502,9608,0.2235722101884613,0.7238302277977063,0.5121858309227226,4.6345984533016065,3.410088756692445,2.922236287923855,0.004011509251652033,0.20627886783308247,0.7049453724414142,0.5329362446322826,4.32426687489155,3.2510150963040085,2.8446382092660074,0.005736949748059813
kiba,GINConvNet,GNN,20502,9608,0.12036080507700975,0.7704393679199647,0.5700344481813351,4.537027959547888,3.4735095776323615,2.8002731707317077,0.006573709224693022,0.0451597600388739,0.773191104779557,0.594353217814586,4.167968072184626,3.1989154954017005,2.761278847822315,0.015790772068867125
kiba,Reptile-Transformer,non-GNN,18478,1734,0.32469395995708183,0.6950172224704617,0.46315322214938537,4.810563628875684,4.096006286495909,3.368170012740552,0.005206244781163025,0.28756822770842483,0.6938161671440343,0.5229930151705099,5.011560693641619,3.904355424116145,2.983761569046744,0.007456833478531867
bindingdb,GCNNet,GNN,7087,3130,0.051897104570205355,1.2638742595827936,0.9817720194940794,3.429539268071378,2.8821693001447315,2.211075958199267,0.02371246043093222,-0.009644226074373208,1.3062448670682114,1.0247253035584958,3.387096774193548,1.955128205128205,1.645367412140575,0.026114901941427803
bindingdb,GATNet,GNN,7087,3130,0.08917559255371565,1.2387779388756424,0.9157774283550548,2.5007057163020465,2.75501477219717,1.9426386214210813,0.03005102081676569,0.03951695514537956,1.2740464594105325,0.9604922706707598,2.4193548387096775,1.282051282051282,1.2619808306709264,0.020109292396192198
bindingdb,GAT_GCN,GNN,7087,3130,0.09949183752188628,1.2317425931547141,0.958703335374068,3.072295594313943,2.7267582104310453,2.479513294977453,0.02183888164549321,0.025071485325521947,1.2835914047631811,1.0147443038586992,2.4193548387096775,1.858974358974359,1.8849840255591055,0.024014995000421004
bindingdb,GINConvNet,GNN,7087,3130,0.06788332348930837,1.2531736989890607,0.9902213266374564,3.2151930638169173,2.5713471207173586,2.175755255991611,0.018395774488553947,-0.013960457175158814,1.3090339890909908,1.0351032175575963,3.387096774193548,2.1794871794871793,1.7252396166134183,0.023977758004186216
