dataset,metric,level,n,mean,ci_low,ci_high,std,n_repeats,n_targets
chembl,R2,repeat_global,5.0,0.217016886,0.207134832,0.22988375200000002,0.01408377547415216,,
chembl,RMSE,repeat_global,5.0,1.01586926,1.0074852200000002,1.0223389999999999,0.009172535099305905,,
chembl,MAE,repeat_global,5.0,0.7926889800000001,0.786813972,0.799183004,0.007841056120816887,,
chembl,Pearson,repeat_global,5.0,0.49170151000000006,0.481808046,0.500101784,0.012069778689611513,,
chembl,Spearman,repeat_global,5.0,0.47327236406301465,0.46327806947843386,0.4815873896624126,0.011686617906861997,,
chembl,EF@1%,repeat_global,5.0,1.9978583466597333,1.861350195982693,2.127688499373443,0.17016199116987063,,
chembl,EF@5%,repeat_global,5.0,1.8469220906972872,1.7825497659752236,1.9179978710783083,0.08675302191902472,,
chembl,ECE,repeat_global,5.0,0.01990891761726478,0.014761139050013038,0.0249601256620695,0.0065971149762941595,,
chembl,AUPR,repeat_global,5.0,0.32840175856809795,0.32200532939476834,0.33339949859346046,0.007149229181803255,,
davis,R2,repeat_global,5.0,0.22520913,0.221279752,0.22915070399999998,0.005115563553710381,,
davis,RMSE,repeat_global,5.0,0.0521783294,0.05204551240000001,0.0523106854,0.0001723270281769516,,
davis,MAE,repeat_global,5.0,0.0313279604,0.030660406600000002,0.032062343199999996,0.0009014910482286004,,
davis,Pearson,repeat_global,5.0,0.48971597000000006,0.48676157,0.49267037,0.003826262763461222,,
davis,Spearman,repeat_global,5.0,0.4490767332757756,0.4464914888318221,0.4514820608027845,0.0031232584136549465,,
davis,EF@1%,repeat_global,5.0,0.0,0.0,0.0,0.0,,
davis,EF@5%,repeat_global,5.0,4.889467455621302,4.728047337278107,5.03526627218935,0.19604578136538156,,
davis,ECE,repeat_global,5.0,0.02092503096118114,0.01802598780129614,0.023824074121066137,0.003785578058169048,,
davis,AUPR,repeat_global,5.0,0.896499484992072,0.8914194032986954,0.9015795666854484,0.006448818737272258,,
kiba,R2,repeat_global,5.0,0.322681472,0.32017708,0.324528284,0.002765443975950327,,
kiba,RMSE,repeat_global,5.0,0.6960508959999999,0.6951020760000001,0.697336416,0.001419649526760027,,
kiba,MAE,repeat_global,5.0,0.464660428,0.46247131599999997,0.46684954,0.0028244754888067294,,
kiba,Pearson,repeat_global,5.0,0.57584006,0.5745841599999999,0.57698874,0.001514242483223885,,
kiba,Spearman,repeat_global,5.0,0.5042931098518635,0.5022220259721728,0.5061279981717834,0.0025350431583557645,,
kiba,EF@1%,repeat_global,5.0,4.704667195878125,4.673808858481685,4.735525533274565,0.040250136128067916,,
kiba,EF@5%,repeat_global,5.0,4.169594494188393,4.121336774228533,4.215235966641255,0.060678385556216054,,
kiba,ECE,repeat_global,5.0,0.0049771423801893795,0.004217851984189861,0.005761332168170321,0.0010019501381740624,,
kiba,AUPR,repeat_global,5.0,0.660397260593274,0.6572529215770915,0.6633284704942393,0.0037463690465935314,,
chembl,per_target_R2,target_stratified,,-0.5389071390656922,-1.0012179337279616,-0.14213168354927724,,5.0,26.0
chembl,per_target_EF@1%,target_stratified,,1.8441769353782154,1.1828199898239111,2.5353143692207967,,5.0,26.0
davis,per_target_R2,target_stratified,,0.016744905775692313,-0.15327055695163846,0.15601709430993063,,5.0,65.0
davis,per_target_EF@1%,target_stratified,,0.0,0.0,0.0,,5.0,65.0
kiba,per_target_R2,target_stratified,,0.0996456652137143,-0.10253797684817144,0.2690417433128142,,5.0,35.0
kiba,per_target_EF@1%,target_stratified,,3.7637337567024995,3.0446666939603433,4.365710664723189,,5.0,35.0
