dataset,seed,R2,RMSE,MAE,Pearson,Spearman,EF@1%,EF@5%,EF@10%,ECE,AUPR,status,walltime_min
chembl,11,0.21338081,1.0182586,0.7853487,0.5031339,0.48204834632473903,1.8807269321105542,1.8873754458037764,1.771344842551913,0.02610582148015583,0.3346118947443682,ok,22.6
chembl,22,0.20220149,1.0254686,0.7982481,0.48590598,0.4661021434847547,1.7649538462702041,1.7808496549574817,1.6153427337270565,0.022829169372306543,0.3175187933974919,ok,22.5
chembl,33,0.21432906,1.0176446,0.80353564,0.47333345,0.45607995252755873,2.131162508992299,1.9739214182100944,1.682249591583261,0.014131640236895112,0.32478733400071513,ok,22.6
chembl,44,0.21474063,1.017378,0.78925246,0.49802732,0.4804225002934561,2.1636690329570096,1.8338783490690134,1.6810208598091199,0.02487990798886478,0.3326829327806511,ok,22.5
chembl,55,0.24043244,1.0005965,0.78706,0.4981069,0.48170887768456455,2.0487794129685977,1.7585855854460704,1.7227157867120015,0.011598049008101895,0.3324078379172638,ok,22.4
davis,11,0.21985543,0.05235852,0.031146707,0.48542738,0.4446430072526652,0.0,4.972781065088758,4.829585798816568,0.02114186774600636,0.8972004737136728,ok,28.0
davis,22,0.23135597,0.051971164,0.031747516,0.49401027,0.45067617906526813,0.0,5.0508875739644985,4.920710059171599,0.018775709206129844,0.9029762145637961,ok,28.0
davis,33,0.22314864,0.052247893,0.030517211,0.49215344,0.4529858305637264,0.0,4.764497041420119,4.803550295857989,0.024318533135460806,0.8914331382271448,ok,27.8
davis,44,0.22991598,0.052019823,0.032667916,0.48596433,0.4478522433358466,0.0,5.0508875739644985,4.920710059171599,0.015718326424107407,0.9023724652929885,ok,28.1
davis,55,0.22176963,0.052294247,0.030560452,0.49102443,0.4492264061613717,0.0,4.608284023668639,4.6994082840236695,0.024670718294201473,0.8885151331627574,ok,28.1
kiba,11,0.3231418,0.69581544,0.46837097,0.5736252,0.5004307348084259,4.7459698173413525,4.083574129373455,3.5374314939592306,0.004093577831077142,0.6603659497959257,ok,18.5
kiba,22,0.32314086,0.695816,0.46229634,0.5776956,0.5071421883712666,4.653198546047554,4.13093375416533,3.5267634554611327,0.005515267953739523,0.6595659219450679,ok,18.5
kiba,33,0.3236354,0.69556177,0.4644515,0.5760226,0.5058744506219126,4.683047985823463,4.225027728856976,3.5932240389308934,0.0048530846027755575,0.6654044944697088,ok,18.5
kiba,44,0.31803638,0.69843477,0.4616562,0.5765506,0.5039434748136734,4.696551228666393,4.217687516946114,3.4674421009628063,0.006399271685345011,0.6550243745923612,ok,18.4
kiba,55,0.32545292,0.6946265,0.46652713,0.5753063,0.5040747006440393,4.744568401511863,4.190749341600094,3.565463080977651,0.004024509828009896,0.661625562163306,ok,18.5
