dataset,seed,metric,comparator,n,reptile_mean,gnn_mean,W,p,note,p_bh
davis,11,R2,GAT_GCN,65,0.0008062665846153757,0.0013039010809734464,848.0,0.14235073298059922,,0.343411673982608
davis,11,EF@1%,GAT_GCN,0,,,,,n<8,
davis,22,R2,GAT_GCN,65,-0.01483803861076922,0.0013039010809734464,879.0,0.2060470043895648,,0.343411673982608
davis,22,EF@1%,GAT_GCN,0,,,,,n<8,
davis,33,R2,GAT_GCN,65,0.04470750573076923,0.0013039010809734464,1002.0,0.6450045444470447,,0.7217252370610976
davis,33,EF@1%,GAT_GCN,0,,,,,n<8,
davis,44,R2,GAT_GCN,65,0.0031590827892307638,0.0013039010809734464,870.0,0.18572748611278234,,0.343411673982608
davis,44,EF@1%,GAT_GCN,0,,,,,n<8,
davis,55,R2,GAT_GCN,65,0.0498897123846154,0.0013039010809734464,1018.0,0.7217252370610976,,0.7217252370610976
davis,55,EF@1%,GAT_GCN,0,,,,,n<8,
kiba,11,R2,GAT_GCN,3,,,,,n<8,
kiba,11,EF@1%,GAT_GCN,3,,,,,n<8,
kiba,22,R2,GAT_GCN,3,,,,,n<8,
kiba,22,EF@1%,GAT_GCN,3,,,,,n<8,
kiba,33,R2,GAT_GCN,3,,,,,n<8,
kiba,33,EF@1%,GAT_GCN,3,,,,,n<8,
kiba,44,R2,GAT_GCN,3,,,,,n<8,
kiba,44,EF@1%,GAT_GCN,3,,,,,n<8,
kiba,55,R2,GAT_GCN,3,,,,,n<8,
kiba,55,EF@1%,GAT_GCN,3,,,,,n<8,
