dataset,seed,identity_pct,n_test,n_clusters,n_shuffled_same_cluster,cross_cluster_ratio_pct,nearest_id_max_pct,nearest_id_mean_pct,min_test_len,max_test_len
chembl,0,40,26,110,0,100.0,0.0,0.0,233,1836
chembl,0,60,26,127,0,100.0,0.0,0.0,233,1836
chembl,0,80,26,137,0,100.0,0.0,0.0,233,1836
chembl,1,40,26,110,0,100.0,0.0,0.0,233,1836
chembl,1,60,26,127,0,100.0,0.0,0.0,233,1836
chembl,1,80,26,137,0,100.0,0.0,0.0,233,1836
chembl,2,40,26,110,0,100.0,0.0,0.0,233,1836
chembl,2,60,26,127,0,100.0,0.0,0.0,233,1836
chembl,2,80,26,137,0,100.0,0.0,0.0,233,1836
davis,0,40,65,231,0,100.0,0.0,0.0,258,1845
davis,0,60,65,279,0,100.0,0.0,0.0,258,1845
davis,0,80,65,321,0,100.0,0.0,0.0,258,1845
davis,1,40,65,231,0,100.0,0.0,0.0,258,1845
davis,1,60,65,279,0,100.0,0.0,0.0,258,1845
davis,1,80,65,321,0,100.0,0.0,0.0,258,1845
davis,2,40,65,231,0,100.0,0.0,0.0,258,1845
davis,2,60,65,279,0,100.0,0.0,0.0,258,1845
davis,2,80,65,321,0,100.0,0.0,0.0,258,1845
kiba,0,40,34,137,0,100.0,0.0,0.0,311,1732
kiba,0,60,34,165,0,100.0,0.0,0.0,311,1732
kiba,0,80,34,186,0,100.0,0.0,0.0,311,1732
kiba,1,40,34,137,0,100.0,0.0,0.0,311,1732
kiba,1,60,34,165,0,100.0,0.0,0.0,311,1732
kiba,1,80,34,186,0,100.0,0.0,0.0,311,1732
kiba,2,40,34,137,0,100.0,0.0,0.0,311,1732
kiba,2,60,34,165,0,100.0,0.0,0.0,311,1732
kiba,2,80,34,186,0,100.0,0.0,0.0,311,1732
bindingdb,0,40,112,481,0,100.0,0.0,0.0,92,2414
bindingdb,0,60,112,544,0,100.0,0.0,0.0,92,2414
bindingdb,0,80,112,603,0,100.0,0.0,0.0,92,2414
bindingdb,1,40,112,481,0,100.0,0.0,0.0,92,2414
bindingdb,1,60,112,544,0,100.0,0.0,0.0,92,2414
bindingdb,1,80,112,603,0,100.0,0.0,0.0,92,2414
bindingdb,2,40,112,481,0,100.0,0.0,0.0,92,2414
bindingdb,2,60,112,544,0,100.0,0.0,0.0,92,2414
bindingdb,2,80,112,603,0,100.0,0.0,0.0,92,2414
