chain_key,pdb_id,chain_id,split,seq_len,n_skempi_rows
1A22_A,1A22,A,train,191,251
1A22_B,1A22,B,train,238,251
1A4Y_A,1A4Y,A,train,460,45
1A4Y_B,1A4Y,B,train,123,45
1AHW_AB,1AHW,AB,train,428,16
1AHW_C,1AHW,C,train,219,16
1AK4_A,1AK4,A,train,165,17
1AK4_D,1AK4,D,train,145,17
1AO7_ABC,1AO7,ABC,train,384,212
1AO7_DE,1AO7,DE,train,449,212
1B2S_A,1B2S,A,train,110,3
1B2S_D,1B2S,D,train,90,3
1B2U_A,1B2U,A,train,110,3
1B2U_D,1B2U,D,train,90,3
1B3S_A,1B3S,A,train,110,3
1B3S_D,1B3S,D,train,90,3
1B41_A,1B41,A,train,539,25
1B41_B,1B41,B,train,61,25
1BD2_ABC,1BD2,ABC,train,384,24
1BD2_DE,1BD2,DE,train,448,24
1BP3_A,1BP3,A,train,191,66
1BP3_B,1BP3,B,train,211,66
1BRS_A,1BRS,A,train,110,94
1BRS_D,1BRS,D,train,89,94
1C1Y_A,1C1Y,A,train,167,18
1C1Y_B,1C1Y,B,train,77,18
1C4Z_ABC,1C4Z,ABC,train,1074,49
1C4Z_D,1C4Z,D,train,154,49
1CZ8_HL,1CZ8,HL,train,445,18
1DAN_HL,1DAN,HL,train,406,130
1DAN_UT,1DAN,UT,train,201,130
1DQJ_AB,1DQJ,AB,train,424,39
1DQJ_C,1DQJ,C,train,129,39
1DVF_AB,1DVF,AB,train,224,47
1DVF_CD,1DVF,CD,train,228,47
1E50_A,1E50,A,train,134,22
1E50_B,1E50,B,train,134,22
1E96_A,1E96,A,train,192,6
1E96_B,1E96,B,train,203,6
1EFN_A,1EFN,A,train,59,3
1EFN_B,1EFN,B,train,152,3
1EMV_A,1EMV,A,train,86,59
1EMV_B,1EMV,B,train,134,59
1F47_A,1F47,A,train,17,12
1F47_B,1F47,B,train,144,12
1FC2_C,1FC2,C,train,58,23
1FC2_D,1FC2,D,train,224,23
1FCC_A,1FCC,A,train,206,9
1FCC_C,1FCC,C,train,56,9
1FFW_A,1FFW,A,train,128,19
1FFW_B,1FFW,B,train,134,19
1FR2_A,1FR2,A,train,86,1
1FR2_B,1FR2,B,train,134,1
1FSS_A,1FSS,A,train,537,33
1FSS_B,1FSS,B,train,61,33
1GC1_C,1GC1,C,train,185,67
1GC1_G,1GC1,G,train,321,67
1GCQ_AB,1GCQ,AB,train,122,7
1GCQ_C,1GCQ,C,train,70,7
1GRN_A,1GRN,A,train,191,2
1GRN_B,1GRN,B,train,203,2
1GUA_A,1GUA,A,train,167,15
1GUA_B,1GUA,B,train,81,15
1H9D_A,1H9D,A,train,134,6
1H9D_B,1H9D,B,train,134,6
1HE8_A,1HE8,A,train,965,15
1HE8_B,1HE8,B,train,166,15
1IAR_A,1IAR,A,train,129,40
1IAR_B,1IAR,B,train,207,40
1JCK_A,1JCK,A,train,238,19
1JCK_B,1JCK,B,train,239,19
1JRH_I,1JRH,I,train,108,74
1JRH_LH,1JRH,LH,train,432,74
1JTD_A,1JTD,A,train,263,36
1JTD_B,1JTD,B,train,273,36
1JTG_A,1JTG,A,train,263,275
1JTG_B,1JTG,B,train,165,275
1K8R_A,1K8R,A,train,166,20
1K8R_B,1K8R,B,train,110,20
1KAC_A,1KAC,A,train,185,2
1KAC_B,1KAC,B,train,124,2
1KBH_A,1KBH,A,train,47,92
1KBH_B,1KBH,B,train,59,92
1KIP_AB,1KIP,AB,train,223,1
1KIP_C,1KIP,C,train,129,1
1KIQ_AB,1KIQ,AB,train,223,1
1KIQ_C,1KIQ,C,train,129,1
1KIR_AB,1KIR,AB,train,223,1
1KIR_C,1KIR,C,train,129,1
1KNE_A,1KNE,A,train,69,46
1KNE_P,1KNE,P,train,16,46
1KTZ_A,1KTZ,A,train,112,27
1KTZ_B,1KTZ,B,train,122,27
1LFD_A,1LFD,A,train,87,118
1LFD_B,1LFD,B,train,167,118
1LP9_EF,1LP9,EF,train,432,4
1M9E_A,1M9E,A,train,164,1
1M9E_D,1M9E,D,train,146,1
1MAH_A,1MAH,A,train,543,13
1MAH_F,1MAH,F,train,61,13
1MHP_HL,1MHP,HL,train,431,118
1MI5_ABC,1MI5,ABC,train,385,39
1MI5_DE,1MI5,DE,train,442,39
1MLC_AB,1MLC,AB,train,432,29
1MLC_E,1MLC,E,train,129,29
1MQ8_A,1MQ8,A,train,291,7
1MQ8_B,1MQ8,B,train,177,7
1N8Z_AB,1N8Z,AB,train,434,15
1N8Z_C,1N8Z,C,train,607,15
1NCA_LH,1NCA,LH,train,435,4
1NCA_N,1NCA,N,train,389,4
1NMB_LH,1NMB,LH,train,231,8
1NMB_N,1NMB,N,train,470,8
1OGA_ABC,1OGA,ABC,train,385,58
1OGA_DE,1OGA,DE,train,467,58
1OHZ_A,1OHZ,A,train,162,5
1OHZ_B,1OHZ,B,train,60,5
1P69_A,1P69,A,train,185,1
1P69_B,1P69,B,train,124,1
1P6A_A,1P6A,A,train,185,1
1P6A_B,1P6A,B,train,124,1
1QAB_ABCD,1QAB,ABCD,train,508,12
1QAB_E,1QAB,E,train,180,12
1QRN_ABC,1QRN,ABC,train,383,1
1QRN_DE,1QRN,DE,train,443,1
1QSE_ABC,1QSE,ABC,train,383,1
1QSE_DE,1QSE,DE,train,443,1
1QSF_ABC,1QSF,ABC,train,383,1
1QSF_DE,1QSF,DE,train,443,1
1REW_AB,1REW,AB,train,228,27
1REW_C,1REW,C,train,135,27
1S0W_A,1S0W,A,train,263,1
1S0W_C,1S0W,C,train,165,1
1S1Q_A,1S1Q,A,train,145,6
1S1Q_B,1S1Q,B,train,76,6
1SBB_A,1SBB,A,train,238,8
1SBB_B,1SBB,B,train,239,8
1U7F_AC,1U7F,AC,train,396,2
1U7F_B,1U7F,B,train,239,2
1UUZ_A,1UUZ,A,train,137,5
1UUZ_D,1UUZ,D,train,129,5
1VFB_AB,1VFB,AB,train,223,72
1VFB_C,1VFB,C,train,129,72
1WQJ_B,1WQJ,B,train,80,5
1WQJ_I,1WQJ,I,train,70,5
1X1W_A,1X1W,A,train,110,1
1X1W_D,1X1W,D,train,90,1
1X1X_A,1X1X,A,train,110,1
1X1X_D,1X1X,D,train,89,1
1XD3_A,1XD3,A,train,230,18
1XD3_B,1XD3,B,train,75,18
1XGP_AB,1XGP,AB,train,425,4
1XGP_C,1XGP,C,train,129,4
1XGQ_AB,1XGQ,AB,train,425,4
1XGQ_C,1XGQ,C,train,129,4
1XGR_AB,1XGR,AB,train,425,4
1XGR_C,1XGR,C,train,129,4
1XGT_AB,1XGT,AB,train,425,4
1XGT_C,1XGT,C,train,129,4
1XGU_AB,1XGU,AB,train,424,4
1XGU_C,1XGU,C,train,129,4
1XXM_A,1XXM,A,train,263,1
1XXM_C,1XXM,C,train,165,1
1YCS_A,1YCS,A,train,199,11
1YCS_B,1YCS,B,train,239,11
1YQV_HL,1YQV,HL,train,426,9
1YQV_Y,1YQV,Y,train,129,9
1YY9_A,1YY9,A,train,624,19
1YY9_CD,1YY9,CD,train,434,19
1Z7X_W,1Z7X,W,train,461,21
1Z7X_X,1Z7X,X,train,129,21
2A9K_A,2A9K,A,train,187,2
2A9K_B,2A9K,B,train,223,2
2ABZ_B,2ABZ,B,train,309,1
2ABZ_E,2ABZ,E,train,67,1
2AJF_A,2AJF,A,train,597,11
2AJF_E,2AJF,E,train,180,11
2AW2_A,2AW2,A,train,120,3
2AW2_B,2AW2,B,train,108,3
2B0U_AB,2B0U,AB,train,232,7
2B0U_C,2B0U,C,train,288,7
2B0Z_A,2B0Z,A,train,294,1
2B0Z_B,2B0Z,B,train,108,1
2B10_A,2B10,A,train,294,1
2B10_B,2B10,B,train,108,1
2B11_A,2B11,A,train,294,1
2B11_B,2B11,B,train,108,1
2B12_A,2B12,A,train,294,1
2B12_B,2B12,B,train,108,1
2B2X_HL,2B2X,HL,train,439,115
2B42_A,2B42,A,train,381,3
2B42_B,2B42,B,train,185,3
2BDN_A,2BDN,A,train,76,12
2BDN_HL,2BDN,HL,train,431,12
2BNQ_ABC,2BNQ,ABC,train,385,1
2BNQ_DE,2BNQ,DE,train,444,1
2BNR_ABC,2BNR,ABC,train,385,26
2BNR_DE,2BNR,DE,train,444,26
2BTF_A,2BTF,A,train,375,4
2BTF_P,2BTF,P,train,140,4
2C0L_A,2C0L,A,train,305,4
2C0L_B,2C0L,B,train,122,4
2C5D_A,2C5D,A,train,422,16
2C5D_AB,2C5D,AB,train,844,20
2C5D_C,2C5D,C,train,195,16
2C5D_CD,2C5D,CD,train,390,20
2CCL_A,2CCL,A,train,158,1
2CCL_B,2CCL,B,train,63,1
2DSQ_G,2DSQ,G,train,94,4
2DSQ_I,2DSQ,I,train,70,4
2DVW_A,2DVW,A,train,231,11
2DVW_B,2DVW,B,train,83,11
2E7L_AD,2E7L,AD,train,234,1
2G2U_A,2G2U,A,train,265,47
2G2U_B,2G2U,B,train,165,47
2G2W_A,2G2W,A,train,265,1
2G2W_B,2G2W,B,train,165,1
2GOX_A,2GOX,A,train,297,4
2GOX_B,2GOX,B,train,65,4
2GYK_A,2GYK,A,train,86,1
2GYK_B,2GYK,B,train,134,1
2HLE_A,2HLE,A,train,188,2
2HLE_B,2HLE,B,train,138,2
2HRK_A,2HRK,A,train,207,8
2HRK_B,2HRK,B,train,122,8
2I26_L,2I26,L,train,129,2
2I26_N,2I26,N,train,121,2
2J0T_A,2J0T,A,train,170,23
2J0T_D,2J0T,D,train,126,23
2J12_A,2J12,A,train,194,1
2J12_B,2J12,B,train,128,1
2J1K_C,2J1K,C,train,197,3
2J1K_T,2J1K,T,train,128,3
2J8U_EF,2J8U,EF,train,432,2
2JCC_EF,2JCC,EF,train,432,1
2JEL_LH,2JEL,LH,train,435,44
2JEL_P,2JEL,P,train,85,44
2KSO_A,2KSO,A,train,82,15
2KSO_B,2KSO,B,train,76,15
2NOJ_A,2NOJ,A,train,297,1
2NOJ_B,2NOJ,B,train,80,1
2NY7_G,2NY7,G,train,317,11
2NY7_HL,2NY7,HL,train,445,11
2NYY_A,2NYY,A,train,1295,32
2NYY_DC,2NYY,DC,train,441,32
2NZ9_A,2NZ9,A,train,1295,20
2NZ9_DC,2NZ9,DC,train,442,20
2O3B_A,2O3B,A,train,241,8
2O3B_B,2O3B,B,train,136,8
2OI9_AQ,2OI9,AQ,train,188,1
2OI9_BC,2OI9,BC,train,234,1
2OOB_A,2OOB,A,train,52,7
2OOB_B,2OOB,B,train,76,7
2P5E_ABC,2P5E,ABC,train,385,5
2P5E_DE,2P5E,DE,train,437,5
2PCB_A,2PCB,A,train,296,6
2PCB_B,2PCB,B,train,104,6
2PCC_A,2PCC,A,train,296,12
2PCC_B,2PCC,B,train,108,12
2PYE_ABC,2PYE,ABC,train,385,5
2PYE_DE,2PYE,DE,train,437,5
2QJ9_AB,2QJ9,AB,train,232,3
2QJ9_C,2QJ9,C,train,135,3
2QJA_AB,2QJA,AB,train,232,3
2QJA_C,2QJA,C,train,135,3
2QJB_AB,2QJB,AB,train,232,3
2QJB_C,2QJB,C,train,135,3
2REX_A,2REX,A,train,121,3
2REX_B,2REX,B,train,197,3
2UWE_EF,2UWE,EF,train,432,1
2VIR_AB,2VIR,AB,train,431,2
2VIR_C,2VIR,C,train,282,2
2VIS_AB,2VIS,AB,train,431,1
2VIS_C,2VIS,C,train,282,1
2VLN_A,2VLN,A,train,86,1
2VLN_B,2VLN,B,train,134,1
2VLO_A,2VLO,A,train,93,1
2VLO_B,2VLO,B,train,134,1
2VLP_A,2VLP,A,train,86,1
2VLP_B,2VLP,B,train,134,1
2VLQ_A,2VLQ,A,train,86,1
2VLQ_B,2VLQ,B,train,134,1
2VLR_ABC,2VLR,ABC,train,385,2
2VLR_DE,2VLR,DE,train,445,2
2VN5_A,2VN5,A,train,151,24
2VN5_B,2VN5,B,train,66,24
2WPT_A,2WPT,A,train,86,64
2WPT_B,2WPT,B,train,134,64
3AAA_AB,3AAA,AB,train,563,15
3AAA_C,3AAA,C,train,123,15
3B4V_AB,3B4V,AB,train,232,7
3B4V_C,3B4V,C,train,237,7
3BDY_HL,3BDY,HL,train,448,6
3BDY_V,3BDY,V,train,102,6
3BE1_A,3BE1,A,train,624,7
3BE1_HL,3BE1,HL,train,448,7
3BIW_A,3BIW,A,train,574,1
3BIW_E,3BIW,E,train,243,1
3BK3_A,3BK3,A,train,114,13
3BK3_C,3BK3,C,train,67,13
3BN9_B,3BN9,B,train,241,35
3BN9_CD,3BN9,CD,train,471,35
3BP8_A,3BP8,A,train,406,3
3BP8_C,3BP8,C,train,75,3
3BT1_A,3BT1,A,train,135,245
3BT1_U,3BT1,U,train,283,245
3C60_AB,3C60,AB,train,435,35
3C60_CD,3C60,CD,train,399,35
3D3V_ABC,3D3V,ABC,train,384,9
3D3V_DE,3D3V,DE,train,445,9
3D5R_A,3D5R,A,train,297,2
3D5R_C,3D5R,C,train,65,2
3D5S_A,3D5S,A,train,297,2
3D5S_C,3D5S,C,train,65,2
3EG5_A,3EG5,A,train,178,3
3EG5_B,3EG5,B,train,383,3
3EQS_A,3EQS,A,train,85,10
3EQS_B,3EQS,B,train,12,10
3EQY_A,3EQY,A,train,85,11
3EQY_C,3EQY,C,train,12,11
3F1S_A,3F1S,A,train,385,10
3F1S_B,3F1S,B,train,283,10
3G6D_A,3G6D,A,train,113,10
3G6D_LH,3G6D,LH,train,442,10
3H9S_ABC,3H9S,ABC,train,384,1
3H9S_DE,3H9S,DE,train,445,1
3HFM_HL,3HFM,HL,train,429,122
3HFM_Y,3HFM,Y,train,129,122
3HG1_ABC,3HG1,ABC,train,386,53
3HG1_DE,3HG1,DE,train,438,53
3HH2_AB,3HH2,AB,train,218,7
3HH2_C,3HH2,C,train,288,7
3IDX_G,3IDX,G,train,317,11
3IDX_HL,3IDX,HL,train,446,11
3KBH_A,3KBH,A,train,597,7
3KBH_E,3KBH,E,train,136,7
3KUD_A,3KUD,A,train,166,18
3KUD_B,3KUD,B,train,81,18
3L5X_A,3L5X,A,train,113,36
3L5X_HL,3L5X,HL,train,438,36
3LB6_A,3LB6,A,train,132,4
3LB6_C,3LB6,C,train,380,4
3LNZ_A,3LNZ,A,train,85,1
3LNZ_B,3LNZ,B,train,12,1
3LZF_AB,3LZF,AB,train,510,3
3LZF_HL,3LZF,HL,train,447,3
3M62_A,3M62,A,train,968,20
3M62_B,3M62,B,train,106,20
3M63_A,3M63,A,train,968,12
3M63_B,3M63,B,train,101,12
3MZG_A,3MZG,A,train,186,91
3MZG_B,3MZG,B,train,210,91
3MZW_A,3MZW,A,train,624,30
3MZW_B,3MZW,B,train,58,30
3N06_A,3N06,A,train,186,10
3N06_B,3N06,B,train,210,10
3N0P_A,3N0P,A,train,186,10
3N0P_B,3N0P,B,train,210,10
3N4I_A,3N4I,A,train,265,1
3N4I_B,3N4I,B,train,165,1
3N85_A,3N85,A,train,624,10
3N85_LH,3N85,LH,train,441,10
3NCB_A,3NCB,A,train,186,19
3NCB_B,3NCB,B,train,210,19
3NCC_A,3NCC,A,train,186,9
3NCC_B,3NCC,B,train,210,9
3NPS_A,3NPS,A,train,241,27
3NPS_BC,3NPS,BC,train,437,27
3NVN_A,3NVN,A,train,389,4
3NVN_B,3NVN,B,train,476,4
3NVQ_A,3NVQ,A,train,590,4
3NVQ_B,3NVQ,B,train,476,4
3PWP_ABC,3PWP,ABC,train,384,2
3PWP_DE,3PWP,DE,train,445,2
3Q3J_A,3Q3J,A,train,112,1
3Q3J_B,3Q3J,B,train,214,1
3Q8D_A,3Q8D,A,train,242,11
3Q8D_E,3Q8D,E,train,10,11
3QDG_ABC,3QDG,ABC,train,385,18
3QDG_DE,3QDG,DE,train,441,18
3QDJ_ABC,3QDJ,ABC,train,384,19
3QDJ_DE,3QDJ,DE,train,441,19
3QFJ_ABC,3QFJ,ABC,train,384,1
3QFJ_DE,3QFJ,DE,train,445,1
3QHY_A,3QHY,A,train,271,25
3QHY_B,3QHY,B,train,282,25
3QIB_ABP,3QIB,ABP,train,408,27
3QIB_CD,3QIB,CD,train,477,27
3R9A_AC,3R9A,AC,train,788,5
3R9A_B,3R9A,B,train,328,5
3RF3_A,3RF3,A,train,258,1
3RF3_C,3RF3,C,train,29,1
3S9D_A,3S9D,A,train,168,218
3S9D_B,3S9D,B,train,199,218
3SE3_A,3SE3,A,train,414,67
3SE3_B,3SE3,B,train,166,69
3SE3_C,3SE3,C,train,199,2
3SE4_A,3SE4,A,train,414,18
3SE4_B,3SE4,B,train,177,38
3SE4_C,3SE4,C,train,199,20
3SE8_G,3SE8,G,train,353,28
3SE8_HL,3SE8,HL,train,442,28
3SE9_G,3SE9,G,train,353,25
3SE9_HL,3SE9,HL,train,436,25
3SEK_B,3SEK,B,train,109,7
3SEK_C,3SEK,C,train,209,7
3SF4_A,3SF4,A,train,406,7
3SF4_D,3SF4,D,train,52,7
3SZK_AB,3SZK,AB,train,287,21
3SZK_C,3SZK,C,train,164,21
3U82_A,3U82,A,train,291,2
3U82_B,3U82,B,train,317,2
3UIG_A,3UIG,A,train,143,10
3UIG_P,3UIG,P,train,15,10
3UIH_A,3UIH,A,train,143,1
3UIH_P,3UIH,P,train,15,1
3UII_A,3UII,A,train,143,2
3UII_P,3UII,P,train,10,2
3VR6_ABCDEF,3VR6,ABCDEF,train,3195,18
3VR6_GH,3VR6,GH,train,332,18
3W2D_A,3W2D,A,train,239,6
3W2D_HL,3W2D,HL,train,438,6
3WWN_A,3WWN,A,train,269,3
3WWN_B,3WWN,B,train,54,3
4B0M_A,4B0M,A,train,136,13
4B0M_BM,4B0M,BM,train,384,13
4BFI_A,4BFI,A,train,216,12
4BFI_B,4BFI,B,train,211,12
4CPA_A,4CPA,A,train,307,9
4CPA_I,4CPA,I,train,38,9
4CVW_A,4CVW,A,train,884,9
4CVW_C,4CVW,C,train,120,9
4E6K_AB,4E6K,AB,train,316,7
4E6K_G,4E6K,G,train,73,7
4EKD_A,4EKD,A,train,347,1
4EKD_B,4EKD,B,train,137,1
4FTV_ABC,4FTV,ABC,train,384,18
4FTV_DE,4FTV,DE,train,445,18
4FZA_A,4FZA,A,train,328,9
4FZA_B,4FZA,B,train,283,9
4G0N_A,4G0N,A,train,166,90
4G0N_B,4G0N,B,train,78,90
4G2V_A,4G2V,A,train,340,3
4G2V_B,4G2V,B,train,38,3
4GNK_A,4GNK,A,train,353,6
4GNK_B,4GNK,B,train,1235,6
4GU0_A,4GU0,A,train,776,1
4GU0_E,4GU0,E,train,26,1
4GXU_ABCDEF,4GXU,ABCDEF,train,1521,3
4GXU_MN,4GXU,MN,train,448,3
4HFK_A,4HFK,A,train,176,8
4HFK_BD,4HFK,BD,train,210,8
4HRN_A,4HRN,A,train,136,4
4HRN_D,4HRN,D,train,103,4
4HSA_AB,4HSA,AB,train,244,4
4HSA_C,4HSA,C,train,301,4
4I77_HL,4I77,HL,train,437,24
4I77_Z,4I77,Z,train,112,24
4J2L_A,4J2L,A,train,129,9
4J2L_CD,4J2L,CD,train,56,9
4JEU_A,4JEU,A,train,590,8
4JEU_B,4JEU,B,train,242,8
4JFD_ABC,4JFD,ABC,train,386,7
4JFD_DE,4JFD,DE,train,441,7
4JFE_ABC,4JFE,ABC,train,386,7
4JFE_DE,4JFE,DE,train,442,7
4JFF_ABC,4JFF,ABC,train,386,7
4JFF_DE,4JFF,DE,train,442,7
4JGH_ABC,4JGH,ABC,train,387,1
4JGH_D,4JGH,D,train,378,1
4JPK_A,4JPK,A,train,172,10
4JPK_HL,4JPK,HL,train,458,10
4K71_A,4K71,A,train,585,23
4K71_BC,4K71,BC,train,373,23
4KRL_A,4KRL,A,train,214,3
4KRL_B,4KRL,B,train,133,3
4KRO_A,4KRO,A,train,624,3
4KRO_B,4KRO,B,train,138,3
4KRP_A,4KRP,A,train,625,2
4KRP_B,4KRP,B,train,136,2
4L0P_A,4L0P,A,train,176,6
4L0P_B,4L0P,B,train,143,6
4L3E_ABC,4L3E,ABC,train,385,13
4L3E_DE,4L3E,DE,train,441,13
4LRX_AB,4LRX,AB,train,712,1
4LRX_CD,4LRX,CD,train,636,1
4MNQ_ABC,4MNQ,ABC,train,385,17
4MNQ_DE,4MNQ,DE,train,440,17
4MYW_A,4MYW,A,train,294,2
4MYW_B,4MYW,B,train,331,2
4N8V_ABC,4N8V,ABC,train,383,13
4N8V_G,4N8V,G,train,201,13
4NKQ_AB,4NKQ,AB,train,719,60
4NKQ_C,4NKQ,C,train,127,60
4NM8_ABCDEF,4NM8,ABCDEF,train,1497,9
4NZW_A,4NZW,A,train,331,6
4NZW_B,4NZW,B,train,295,6
4O27_A,4O27,A,train,325,7
4O27_B,4O27,B,train,281,7
4OFY_A,4OFY,A,train,262,13
4OFY_D,4OFY,D,train,420,13
4OZG_ABJ,4OZG,ABJ,train,417,12
4OZG_GH,4OZG,GH,train,444,12
4P23_AB,4P23,AB,train,438,35
4P23_CD,4P23,CD,train,397,35
4P5T_AB,4P5T,AB,train,447,35
4P5T_CD,4P5T,CD,train,399,35
4PWX_AB,4PWX,AB,train,712,25
4PWX_CD,4PWX,CD,train,342,25
4RA0_A,4RA0,A,train,401,15
4RA0_C,4RA0,C,train,195,15
4RS1_A,4RS1,A,train,112,64
4RS1_B,4RS1,B,train,281,64
4U6H_AB,4U6H,AB,train,438,3
4UYP_A,4UYP,A,train,151,9
4UYP_D,4UYP,D,train,75,9
4UYQ_A,4UYQ,A,train,151,9
4UYQ_B,4UYQ,B,train,75,9
4WND_A,4WND,A,train,406,3
4WND_B,4WND,B,train,53,3
4X4M_AB,4X4M,AB,train,438,7
4X4M_E,4X4M,E,train,275,7
4Y61_A,4Y61,A,train,398,7
4Y61_B,4Y61,B,train,272,7
4YEB_A,4YEB,A,train,321,6
4YEB_B,4YEB,B,train,370,6
4YFD_A,4YFD,A,train,491,10
4YFD_B,4YFD,B,train,339,10
4YH7_A,4YH7,A,train,841,9
4YH7_B,4YH7,B,train,348,9
4ZS6_A,4ZS6,A,train,229,4
5C6T_A,5C6T,A,train,636,24
5C6T_HL,5C6T,HL,train,447,24
5CXB_A,5CXB,A,train,514,5
5CXB_B,5CXB,B,train,369,5
5CYK_A,5CYK,A,train,495,5
5CYK_B,5CYK,B,train,389,5
5DWU_AB,5DWU,AB,train,427,4
5DWU_HL,5DWU,HL,train,436,4
5E6P_A,5E6P,A,train,621,7
5E6P_B,5E6P,B,train,88,7
5E9D_AB,5E9D,AB,train,375,16
5E9D_CDE,5E9D,CDE,train,295,16
5F4E_A,5F4E,A,train,239,14
5F4E_B,5F4E,B,train,215,14
5K39_A,5K39,A,train,171,7
5K39_B,5K39,B,train,164,7
5M2O_A,5M2O,A,train,149,24
5M2O_B,5M2O,B,train,96,24
5TAR_A,5TAR,A,train,185,9
5TAR_B,5TAR,B,train,148,9
5UFE_A,5UFE,A,train,166,9
5UFE_B,5UFE,B,train,61,9
5UFQ_A,5UFQ,A,train,166,7
5UFQ_C,5UFQ,C,train,61,7
5XCO_A,5XCO,A,train,171,29
5XCO_B,5XCO,B,train,21,29
1ACB_E,1ACB,E,test,245,6
1ACB_I,1ACB,I,test,70,6
1CBW_FGH,1CBW,FGH,test,241,45
1CBW_I,1CBW,I,test,58,45
1CHO_EFG,1CHO,EFG,test,241,295
1CHO_I,1CHO,I,test,56,295
1CSE_E,1CSE,E,test,274,6
1CSE_I,1CSE,I,test,70,6
1CSO_E,1CSO,E,test,185,1
1CSO_I,1CSO,I,test,51,1
1CT0_E,1CT0,E,test,185,1
1CT0_I,1CT0,I,test,51,1
1CT2_E,1CT2,E,test,185,1
1CT2_I,1CT2,I,test,51,1
1CT4_E,1CT4,E,test,185,1
1CT4_I,1CT4,I,test,51,1
1EAW_A,1EAW,A,test,241,27
1EAW_B,1EAW,B,test,58,27
1F5R_A,1F5R,A,test,231,1
1F5R_I,1F5R,I,test,65,1
1FY8_E,1FY8,E,test,231,2
1FY8_I,1FY8,I,test,58,2
1GL0_E,1GL0,E,test,245,2
1GL0_I,1GL0,I,test,35,2
1GL1_A,1GL1,A,test,245,2
1GL1_I,1GL1,I,test,36,2
1N8O_ABC,1N8O,ABC,test,241,3
1N8O_E,1N8O,E,test,142,3
1PPF_E,1PPF,E,test,218,259
1PPF_I,1PPF,I,test,56,259
1R0R_E,1R0R,E,test,274,284
1R0R_I,1R0R,I,test,51,284
1SBN_E,1SBN,E,test,275,1
1SBN_I,1SBN,I,test,70,1
1SGD_E,1SGD,E,test,185,1
1SGD_I,1SGD,I,test,51,1
1SGE_E,1SGE,E,test,185,1
1SGE_I,1SGE,I,test,51,1
1SGN_E,1SGN,E,test,185,1
1SGN_I,1SGN,I,test,51,1
1SGP_E,1SGP,E,test,185,1
1SGP_I,1SGP,I,test,51,1
1SGQ_E,1SGQ,E,test,185,1
1SGQ_I,1SGQ,I,test,51,1
1SGY_E,1SGY,E,test,185,1
1SGY_I,1SGY,I,test,51,1
1SIB_E,1SIB,E,test,275,1
1SIB_I,1SIB,I,test,70,1
1SMF_E,1SMF,E,test,223,5
1SMF_I,1SMF,I,test,22,5
1TM1_E,1TM1,E,test,281,26
1TM1_I,1TM1,I,test,64,26
1TM3_E,1TM3,E,test,281,1
1TM3_I,1TM3,I,test,64,1
1TM4_E,1TM4,E,test,281,1
1TM4_I,1TM4,I,test,64,1
1TM5_E,1TM5,E,test,281,1
1TM5_I,1TM5,I,test,64,1
1TM7_E,1TM7,E,test,281,1
1TM7_I,1TM7,I,test,64,1
1TMG_E,1TMG,E,test,281,1
1TMG_I,1TMG,I,test,64,1
1TO1_E,1TO1,E,test,281,1
1TO1_I,1TO1,I,test,64,1
1Y1K_E,1Y1K,E,test,281,1
1Y1K_I,1Y1K,I,test,64,1
1Y33_E,1Y33,E,test,281,1
1Y33_I,1Y33,I,test,64,1
1Y34_E,1Y34,E,test,281,1
1Y34_I,1Y34,I,test,64,1
1Y3B_E,1Y3B,E,test,281,1
1Y3B_I,1Y3B,I,test,64,1
1Y3C_E,1Y3C,E,test,281,1
1Y3C_I,1Y3C,I,test,64,1
1Y3D_E,1Y3D,E,test,281,1
1Y3D_I,1Y3D,I,test,64,1
1Y48_E,1Y48,E,test,281,1
1Y48_I,1Y48,I,test,64,1
1Y4A_E,1Y4A,E,test,281,1
1Y4A_I,1Y4A,I,test,64,1
2FTL_E,2FTL,E,test,223,32
2FTL_I,2FTL,I,test,58,32
2NU0_E,2NU0,E,test,185,1
2NU0_I,2NU0,I,test,51,1
2NU1_E,2NU1,E,test,185,1
2NU1_I,2NU1,I,test,51,1
2NU2_E,2NU2,E,test,185,1
2NU2_I,2NU2,I,test,51,1
2NU4_E,2NU4,E,test,185,1
2NU4_I,2NU4,I,test,51,1
2SGP_E,2SGP,E,test,185,1
2SGP_I,2SGP,I,test,51,1
2SGQ_E,2SGQ,E,test,185,1
2SGQ_I,2SGQ,I,test,51,1
2SIC_E,2SIC,E,test,275,10
2SIC_I,2SIC,I,test,107,10
3BTD_E,3BTD,E,test,223,1
3BTD_I,3BTD,I,test,58,1
3BTE_E,3BTE,E,test,223,1
3BTE_I,3BTE,I,test,58,1
3BTF_E,3BTF,E,test,223,1
3BTF_I,3BTF,I,test,58,1
3BTG_E,3BTG,E,test,223,1
3BTG_I,3BTG,I,test,58,1
3BTH_E,3BTH,E,test,223,1
3BTH_I,3BTH,I,test,58,1
3BTM_E,3BTM,E,test,223,1
3BTM_I,3BTM,I,test,58,1
3BTQ_E,3BTQ,E,test,223,1
3BTQ_I,3BTQ,I,test,58,1
3BTT_E,3BTT,E,test,223,1
3BTT_I,3BTT,I,test,58,1
3BTW_E,3BTW,E,test,223,1
3BTW_I,3BTW,I,test,58,1
3BX1_A,3BX1,A,test,269,7
3BX1_C,3BX1,C,test,181,7
3SGB_E,3SGB,E,test,185,295
3SGB_I,3SGB,I,test,56,295
3TGK_E,3TGK,E,test,231,1
3TGK_I,3TGK,I,test,65,1
