train_0000	train_0000
train_0001	train_0001
train_0002	train_0002
train_0003	train_0003
train_0005	train_0005
train_0006	train_0006
train_0009	train_0009
train_0010	train_0010
train_0011	train_0011
train_0012	train_0012
train_0013	train_0013
train_0014	train_0014
train_0015	train_0015
train_0018	train_0018
train_0018	train_0016
train_0018	train_0017
train_0019	train_0019
train_0020	train_0020
train_0021	train_0021
train_0022	train_0022
train_0023	train_0023
train_0024	train_0024
train_0027	train_0027
train_0028	train_0028
train_0029	train_0029
train_0030	train_0030
train_0033	train_0033
train_0033	train_0031
train_0033	train_0032
train_0035	train_0035
train_0035	train_0034
train_0036	train_0036
train_0037	train_0037
train_0037	train_0038
train_0039	train_0039
train_0040	train_0040
train_0041	train_0041
train_0042	train_0042
train_0044	train_0044
train_0045	train_0045
train_0046	train_0046
train_0047	train_0047
train_0048	train_0048
train_0049	train_0049
train_0050	train_0050
train_0051	train_0051
train_0052	train_0052
train_0053	train_0053
train_0054	train_0054
train_0054	train_0068
train_0055	train_0055
train_0056	train_0056
train_0057	train_0057
train_0058	train_0058
train_0059	train_0059
train_0060	train_0060
train_0060	train_0026
train_0061	train_0061
train_0063	train_0063
train_0064	train_0064
train_0064	train_0062
train_0065	train_0065
train_0066	train_0066
train_0067	train_0067
train_0069	train_0069
train_0069	train_0025
train_0070	train_0070
train_0071	train_0071
train_0072	train_0072
train_0073	train_0073
train_0074	train_0074
train_0074	train_0075
train_0076	train_0076
train_0077	train_0077
train_0078	train_0078
train_0079	train_0079
train_0081	train_0081
train_0082	train_0082
train_0082	train_0083
train_0082	train_0180
train_0084	train_0084
train_0084	train_0165
train_0085	train_0085
train_0087	train_0087
train_0088	train_0088
train_0089	train_0089
train_0090	train_0090
train_0091	train_0091
train_0092	train_0092
train_0093	train_0093
train_0094	train_0094
train_0094	train_0166
train_0095	train_0095
train_0096	train_0096
train_0097	train_0097
train_0098	train_0098
train_0099	train_0099
train_0200	train_0200
train_0201	train_0201
train_0202	train_0202
train_0202	train_0249
train_0204	train_0204
train_0205	train_0205
train_0208	train_0208
train_0209	train_0209
train_0210	train_0210
train_0211	train_0211
train_0212	train_0212
train_0212	train_0157
train_0212	train_0158
train_0212	train_0213
train_0212	train_0214
train_0212	train_0215
train_0216	train_0216
train_0217	train_0217
train_0219	train_0219
train_0219	train_0218
train_0219	train_0276
train_0220	train_0220
train_0221	train_0221
train_0221	train_0222
train_0221	train_0223
train_0221	train_0224
train_0225	train_0225
train_0226	train_0226
train_0227	train_0227
train_0228	train_0228
train_0229	train_0229
train_0229	train_0230
train_0232	train_0232
train_0232	train_0231
train_0234	train_0234
train_0234	train_0233
train_0235	train_0235
train_0236	train_0236
train_0237	train_0237
train_0238	train_0238
train_0240	train_0240
train_0246	train_0246
train_0247	train_0247
train_0248	train_0248
train_0250	train_0250
train_0251	train_0251
train_0251	train_0252
train_0253	train_0253
train_0254	train_0254
train_0255	train_0255
train_0256	train_0256
train_0257	train_0257
train_0259	train_0259
train_0259	train_0258
train_0260	train_0260
train_0261	train_0261
train_0262	train_0262
train_0263	train_0263
train_0264	train_0264
train_0265	train_0265
train_0265	train_0266
train_0265	train_0291
train_0265	train_0317
train_0267	train_0267
train_0267	train_0171
train_0268	train_0268
train_0268	train_0308
train_0269	train_0269
train_0269	train_0175
train_0270	train_0270
train_0272	train_0272
train_0273	train_0273
train_0274	train_0274
train_0275	train_0275
train_0277	train_0277
train_0278	train_0278
train_0279	train_0279
train_0280	train_0280
train_0281	train_0281
train_0282	train_0282
train_0283	train_0283
train_0284	train_0284
train_0285	train_0285
train_0286	train_0286
train_0287	train_0287
train_0287	train_0239
train_0288	train_0288
train_0289	train_0289
train_0290	train_0290
train_0292	train_0292
train_0292	train_0293
train_0292	train_0294
train_0295	train_0295
train_0295	train_0179
train_0296	train_0296
train_0297	train_0297
train_0298	train_0298
test_0067	test_0067
test_0068	test_0068
train_0301	train_0301
train_0301	train_0299
train_0301	train_0300
train_0302	train_0302
train_0303	train_0303
train_0303	train_0304
train_0303	train_0305
train_0303	train_0306
train_0303	train_0307
train_0309	train_0309
train_0310	train_0310
train_0311	train_0311
train_0311	train_0312
train_0311	train_0313
train_0314	train_0314
train_0316	train_0316
train_0316	train_0315
train_0318	train_0318
train_0318	train_0207
train_0319	train_0319
train_0320	train_0320
train_0321	train_0321
train_0321	train_0043
train_0322	train_0322
train_0323	train_0323
train_0324	train_0324
train_0325	train_0325
train_0326	train_0326
train_0327	train_0327
train_0328	train_0328
train_0329	train_0329
train_0330	train_0330
train_0331	train_0331
train_0332	train_0332
train_0333	train_0333
train_0334	train_0334
train_0334	train_0008
train_0335	train_0335
test_0000	test_0000
test_0001	test_0001
test_0002	test_0002
test_0003	test_0003
test_0003	test_0004
test_0005	test_0005
test_0006	test_0006
test_0006	test_0007
test_0010	test_0010
test_0010	test_0008
test_0010	test_0009
test_0011	test_0011
test_0012	test_0012
test_0013	test_0013
test_0015	test_0015
test_0015	test_0014
test_0016	test_0016
test_0018	test_0018
test_0018	test_0017
test_0020	test_0020
test_0020	test_0021
test_0020	test_0022
test_0020	test_0023
test_0020	test_0024
test_0020	test_0025
test_0020	test_0026
test_0020	test_0027
test_0020	test_0028
test_0020	test_0029
test_0020	test_0030
test_0020	test_0031
test_0020	test_0032
test_0020	test_0033
test_0020	test_0034
test_0035	test_0035
test_0035	test_0036
test_0035	test_0037
test_0035	test_0038
test_0035	test_0039
test_0035	test_0040
test_0035	test_0041
test_0035	test_0042
test_0035	test_0043
test_0035	test_0044
test_0035	test_0045
test_0046	test_0046
test_0046	test_0047
test_0046	test_0048
test_0046	test_0049
test_0050	test_0050
test_0050	test_0019
test_0050	test_0051
test_0050	test_0052
test_0050	test_0053
test_0050	test_0054
test_0050	test_0055
test_0050	test_0056
test_0050	test_0057
test_0050	test_0058
test_0050	test_0059
test_0050	test_0060
test_0050	test_0061
test_0050	test_0062
test_0050	test_0063
test_0050	test_0064
test_0050	test_0065
test_0050	test_0066
train_0100	train_0100
train_0100	train_0101
train_0102	train_0102
train_0103	train_0103
train_0104	train_0104
train_0105	train_0105
train_0106	train_0106
train_0107	train_0107
train_0108	train_0108
train_0108	train_0206
train_0112	train_0112
train_0112	train_0109
train_0112	train_0110
train_0112	train_0111
train_0113	train_0113
train_0114	train_0114
train_0115	train_0115
train_0116	train_0116
train_0117	train_0117
train_0118	train_0118
train_0119	train_0119
train_0120	train_0120
train_0121	train_0121
train_0122	train_0122
train_0122	train_0133
train_0122	train_0241
train_0122	train_0242
train_0122	train_0243
train_0122	train_0244
train_0122	train_0245
train_0123	train_0123
train_0124	train_0124
train_0125	train_0125
train_0126	train_0126
train_0127	train_0127
train_0128	train_0128
train_0129	train_0129
train_0130	train_0130
train_0131	train_0131
train_0132	train_0132
train_0134	train_0134
train_0134	train_0203
train_0135	train_0135
train_0136	train_0136
train_0137	train_0137
train_0138	train_0138
train_0139	train_0139
train_0140	train_0140
train_0142	train_0142
train_0142	train_0141
train_0142	train_0143
train_0142	train_0144
train_0145	train_0145
train_0145	train_0086
train_0146	train_0146
train_0147	train_0147
train_0148	train_0148
train_0149	train_0149
train_0150	train_0150
train_0151	train_0151
train_0152	train_0152
train_0153	train_0153
train_0155	train_0155
train_0155	train_0154
train_0156	train_0156
train_0159	train_0159
train_0160	train_0160
train_0161	train_0161
train_0161	train_0004
train_0162	train_0162
train_0163	train_0163
train_0164	train_0164
train_0167	train_0167
train_0168	train_0168
train_0168	train_0080
train_0168	train_0271
train_0169	train_0169
train_0170	train_0170
train_0173	train_0173
train_0174	train_0174
train_0176	train_0176
train_0178	train_0178
train_0178	train_0177
train_0181	train_0181
train_0182	train_0182
train_0182	train_0007
train_0183	train_0183
train_0183	train_0172
train_0184	train_0184
train_0185	train_0185
train_0186	train_0186
train_0187	train_0187
train_0188	train_0188
train_0189	train_0189
train_0190	train_0190
train_0190	train_0191
train_0190	train_0192
train_0190	train_0193
train_0195	train_0195
train_0195	train_0194
train_0195	train_0196
train_0195	train_0197
train_0195	train_0198
train_0195	train_0199
