dataset,seed,R2,RMSE,MAE,Pearson,Spearman,EF@1%,EF@5%,EF@10%,ECE,AUPR,status,walltime_min,variant
chembl,11,0.21338081,1.0182586,0.7853487,0.5031339,0.482048346324739,1.8807269321105544,1.8873754458037764,1.771344842551913,0.0261058214801558,0.3346118947443682,ok,22.6,esm2_t12_35m
chembl,22,0.20220149,1.0254686,0.7982481,0.48590598,0.4661021434847547,1.764953846270204,1.7808496549574817,1.6153427337270565,0.0228291693723065,0.3175187933974919,ok,22.5,esm2_t12_35m
chembl,33,0.21432906,1.0176446,0.80353564,0.47333345,0.4560799525275587,2.131162508992299,1.9739214182100944,1.682249591583261,0.0141316402368951,0.3247873340007151,ok,22.6,esm2_t12_35m
davis,11,0.21985543,0.05235852,0.031146707,0.48542738,0.4446430072526652,0.0,4.972781065088758,4.829585798816568,0.0211418677460063,0.8972004737136728,ok,28.0,esm2_t12_35m
davis,22,0.23135597,0.051971164,0.031747516,0.49401027,0.4506761790652681,0.0,5.0508875739644985,4.920710059171599,0.0187757092061298,0.902976214563796,ok,28.0,esm2_t12_35m
davis,33,0.22314864,0.052247893,0.030517211,0.49215344,0.4529858305637264,0.0,4.764497041420119,4.803550295857989,0.0243185331354608,0.8914331382271448,ok,27.8,esm2_t12_35m
kiba,11,0.3231418,0.69581544,0.46837097,0.5736252,0.5004307348084259,4.7459698173413525,4.083574129373455,3.5374314939592306,0.0040935778310771,0.6603659497959257,ok,18.5,esm2_t12_35m
kiba,22,0.32314086,0.695816,0.46229634,0.5776956,0.5071421883712666,4.653198546047554,4.13093375416533,3.5267634554611327,0.0055152679537395,0.6595659219450679,ok,18.5,esm2_t12_35m
kiba,33,0.3236354,0.69556177,0.4644515,0.5760226,0.5058744506219126,4.683047985823463,4.225027728856976,3.5932240389308934,0.0048530846027755,0.6654044944697088,ok,18.5,esm2_t12_35m
