dataset,variant,seed,R2,RMSE,MAE,Pearson,Spearman,EF@1%,EF@5%,EF@10%,ECE,AUPR
kiba,esm1b,11,0.32994962,0.69230735,0.46134514,0.5796073,0.5289122723765524,4.722167725265033,4.1896956324143,3.5616432935809237,0.004181464563679006,0.6632903714554113
kiba,esm1b,22,0.32300836,0.69588405,0.45619732,0.5817586,0.535983307790031,4.718951904913223,4.124006612413133,3.598523486730117,0.006530632035584404,0.6646633930001955
kiba,esm1b,33,0.3299665,0.69229865,0.46197078,0.57975066,0.5233333195934542,4.744568401511863,4.134248180923291,3.558868213042084,0.004250741644279306,0.6578689540048719
kiba,prott5,11,0.3277750611305237,0.6934299,0.46340284,0.5781575827054015,0.5311257891542893,4.699295568028492,4.170201980121414,3.558020947356879,0.004211911390722927,0.6632122452264976
kiba,prott5,22,0.3271295428276062,0.6937627,0.4629068,0.57832376732828,0.5192358909538545,4.699345145381558,4.150581185113993,3.5733128870504083,0.0046251850128689945,0.6627254607924274
kiba,prott5,33,0.32583826780319214,0.6944281,0.4625272,0.5776572011460036,0.52457170832908,4.683047985823463,4.09897770894184,3.5634638334063276,0.004763971647667619,0.659577191721704
davis,esm1b,11,0.21351927518844604,0.05257071,0.030675473,0.4838105930271403,0.4363224171528286,0.0,4.868639053254439,4.816568047337279,0.0252451246434992,0.8890077809982438
davis,esm1b,22,0.23328447341918945,0.051905926,0.0316467,0.49407066773891173,0.4340940515121915,0.0,4.894674556213018,4.790532544378699,0.017561312280334793,0.8867669312945825
davis,esm1b,33,0.22023636102676392,0.052345734,0.031044444,0.4852734114304456,0.4496654221159316,0.0,4.32189349112426,4.49112426035503,0.022444837924205895,0.8862420973532873
davis,prott5,11,0.22213518619537354,0.05228196,0.030436728,0.4908227901218224,0.4121002035904206,0.0,4.243786982248521,4.100591715976331,0.02444077350876548,0.860778932400514
davis,prott5,22,0.2579548954963684,0.051064014,0.031852726,0.5152548103205619,0.45895418440031066,0.0,4.972781065088758,4.894674556213018,0.01550531887507939,0.8997468945955154
davis,prott5,33,0.24770236015319824,0.05141557,0.031406764,0.5075956322564981,0.47221076861239075,0.0,5.024852071005918,4.907692307692309,0.01837436658241254,0.9049935342769547
