dataset,metric,model,standard_value,audited_value,standard_rank,audited_rank
bindingdb,R²,GCNNet,0.0519,-0.0096,4,3
bindingdb,R²,GATNet,0.0892,0.0395,2,1
bindingdb,R²,GAT_GCN,0.0995,0.0251,1,2
bindingdb,R²,GINConvNet,0.0679,-0.014,3,4
bindingdb,EF@1%,GCNNet,3.4295,3.3871,1,1
bindingdb,EF@1%,GATNet,2.5007,2.4194,4,3
bindingdb,EF@1%,GAT_GCN,3.0723,2.4194,3,3
bindingdb,EF@1%,GINConvNet,3.2152,3.3871,2,1
bindingdb,ECE,GCNNet,0.0237,0.0261,3,4
bindingdb,ECE,GATNet,0.0301,0.0201,4,1
bindingdb,ECE,GAT_GCN,0.0218,0.024,2,3
bindingdb,ECE,GINConvNet,0.0184,0.024,1,2
davis,R²,GCNNet,0.3952,0.2491,1,3
davis,R²,GATNet,0.2249,0.2166,5,4
davis,R²,GAT_GCN,0.3941,0.2606,2,2
davis,R²,GINConvNet,0.2448,0.1753,3,5
davis,R²,Reptile-Transformer,0.2257,0.2645,4,1
davis,EF@1%,GCNNet,4.881,4.7112,3,2
davis,EF@1%,GATNet,4.5238,4.1223,4,3
davis,EF@1%,GAT_GCN,5.0,4.1223,1,3
davis,EF@1%,GINConvNet,4.5238,4.1223,4,3
davis,EF@1%,Reptile-Transformer,5.0,5.0056,1,1
davis,ECE,GCNNet,0.0137,0.0119,1,2
davis,ECE,GATNet,0.0248,0.0177,4,4
davis,ECE,GAT_GCN,0.0179,0.0127,2,3
davis,ECE,GINConvNet,0.0421,0.043,5,5
davis,ECE,Reptile-Transformer,0.0206,0.0082,3,1
kiba,R²,GCNNet,0.212,0.0402,3,4
kiba,R²,GATNet,-0.1034,-0.1284,5,5
kiba,R²,GAT_GCN,0.2236,0.2063,2,2
kiba,R²,GINConvNet,0.1204,0.0452,4,3
kiba,R²,Reptile-Transformer,0.3247,0.2876,1,1
kiba,EF@1%,GCNNet,4.4151,4.3243,4,2
kiba,EF@1%,GATNet,4.0248,4.168,5,4
kiba,EF@1%,GAT_GCN,4.6346,4.3243,2,2
kiba,EF@1%,GINConvNet,4.537,4.168,3,4
kiba,EF@1%,Reptile-Transformer,4.8106,5.0116,1,1
kiba,ECE,GCNNet,0.0029,0.0204,1,4
kiba,ECE,GATNet,0.0202,0.0296,5,5
kiba,ECE,GAT_GCN,0.004,0.0057,2,1
kiba,ECE,GINConvNet,0.0066,0.0158,4,3
kiba,ECE,Reptile-Transformer,0.0052,0.0075,3,2
