dataset,baseline,metric,reptile_mean,reptile_std,baseline_val,diff_mean,p_wilcoxon,p_ttest,direction,p_bh
chembl,MLP,R2,0.217016886,0.01408377547415216,0.262,-0.04498311400000001,0.0625,0.0020330894093103357,Reptile worse,0.0675
chembl,MLP,EF@1%,1.9978583466597333,0.17016199116987063,4.63,-2.632141653340267,0.0625,4.16877287864607e-06,Reptile worse,0.0675
chembl,MLP,EF@5%,1.8469220906972872,0.08675302191902472,4.07,-2.223077909302713,0.0625,5.554559773583905e-07,Reptile worse,0.0675
chembl,Transformer,R2,0.217016886,0.01408377547415216,0.18,0.037016886000000006,0.0625,0.0041878598992832585,Reptile better,0.0675
chembl,Transformer,EF@1%,1.9978583466597333,0.17016199116987063,4.44,-2.4421416533402676,0.0625,5.6204617487526484e-06,Reptile worse,0.0675
chembl,Transformer,EF@5%,1.8469220906972872,0.08675302191902472,3.8,-1.9530779093027129,0.0625,9.318151958816074e-07,Reptile worse,0.0675
chembl,GAT_GCN,R2,0.217016886,0.01408377547415216,0.058,0.15901688600000002,0.0625,1.461456688042082e-05,Reptile better,0.0675
chembl,GAT_GCN,EF@1%,1.9978583466597333,0.17016199116987063,2.11,-0.1121416533402669,0.3125,0.2145833312658285,Reptile worse,0.3245192307692308
chembl,GAT_GCN,EF@5%,1.8469220906972872,0.08675302191902472,1.65,0.19692209069728728,0.0625,0.007102107663285165,Reptile better,0.0675
chembl,GCNNet,R2,0.217016886,0.01408377547415216,0.045,0.17201688599999998,0.0625,1.0688864040913858e-05,Reptile better,0.0675
chembl,GCNNet,EF@1%,1.9978583466597333,0.17016199116987063,2.41,-0.41214165334026714,0.0625,0.005632407455560947,Reptile worse,0.0675
chembl,GCNNet,EF@5%,1.8469220906972872,0.08675302191902472,1.97,-0.12307790930271278,0.125,0.03378180476477782,Reptile worse,0.1323529411764706
chembl,GATNet,R2,0.217016886,0.01408377547415216,-0.153,0.37001688600000004,0.0625,5.027626281801293e-07,Reptile better,0.0675
chembl,GATNet,EF@1%,1.9978583466597333,0.17016199116987063,1.59,0.40785834665973286,0.0625,0.0058479146637837555,Reptile better,0.0675
chembl,GATNet,EF@5%,1.8469220906972872,0.08675302191902472,1.42,0.42692209069728726,0.0625,0.00038762771954541596,Reptile better,0.0675
chembl,GINConvNet,R2,0.217016886,0.01408377547415216,-0.089,0.306016886,0.0625,1.0736940186256758e-06,Reptile better,0.0675
chembl,GINConvNet,EF@1%,1.9978583466597333,0.17016199116987063,2.84,-0.8421416533402668,0.0625,0.00037917658975609493,Reptile worse,0.0675
chembl,GINConvNet,EF@5%,1.8469220906972872,0.08675302191902472,2.25,-0.4030779093027128,0.0625,0.00048465794482651254,Reptile worse,0.0675
davis,MLP,R2,0.22520913,0.005115563553710381,0.259,-0.033790870000000015,0.0625,0.00012230146724869422,Reptile worse,0.0675
davis,MLP,EF@1%,0.0,0.0,4.2,-4.2,0.0625,0.0,Reptile worse,0.0675
davis,MLP,EF@5%,4.889467455621302,0.19604578136538156,3.51,1.379467455621303,0.0625,9.532122449763448e-05,Reptile better,0.0675
davis,Transformer,R2,0.22520913,0.005115563553710381,0.224,0.0012091299999999916,0.8125,0.6251016383568394,Reptile better,0.8278301886792453
davis,Transformer,EF@1%,0.0,0.0,4.2,-4.2,0.0625,0.0,Reptile worse,0.0675
davis,Transformer,EF@5%,4.889467455621302,0.19604578136538156,3.51,1.379467455621303,0.0625,9.532122449763448e-05,Reptile better,0.0675
davis,GAT_GCN,R2,0.22520913,0.005115563553710381,0.394,-0.16879087000000004,0.0625,2.02235634640849e-07,Reptile worse,0.0675
davis,GAT_GCN,EF@1%,0.0,0.0,0.428,-0.42800000000000005,0.0625,1.0611508548212303e-64,Reptile worse,0.0675
davis,GAT_GCN,EF@5%,4.889467455621302,0.19604578136538156,0.735,4.154467455621303,0.0625,1.1865647520335398e-06,Reptile better,0.0675
davis,GCNNet,R2,0.22520913,0.005115563553710381,0.395,-0.16979087,0.0625,1.9751605219525167e-07,Reptile worse,0.0675
davis,GCNNet,EF@1%,0.0,0.0,0.432,-0.43200000000000005,0.0625,1.0223914690992855e-64,Reptile worse,0.0675
davis,GCNNet,EF@5%,4.889467455621302,0.19604578136538156,0.738,4.151467455621303,0.0625,1.1899931898309997e-06,Reptile better,0.0675
davis,GATNet,R2,0.22520913,0.005115563553710381,0.225,0.0002091299999999907,1.0,0.931559361451083,Reptile better,1.0
davis,GATNet,EF@1%,0.0,0.0,0.469,-0.469,0.0625,0.0,Reptile worse,0.0675
davis,GATNet,EF@5%,4.889467455621302,0.19604578136538156,0.757,4.132467455621303,0.0625,1.2119965328543154e-06,Reptile better,0.0675
davis,GINConvNet,R2,0.22520913,0.005115563553710381,0.244,-0.018790869999999998,0.0625,0.0011974457788958357,Reptile worse,0.0675
davis,GINConvNet,EF@1%,0.0,0.0,4.34,-4.34,0.0625,0.0,Reptile worse,0.0675
davis,GINConvNet,EF@5%,4.889467455621302,0.19604578136538156,3.8,1.0894674556213029,0.0625,0.00024113636818883562,Reptile better,0.0675
kiba,MLP,R2,0.322681472,0.002765443975950327,0.2565,0.06618147199999999,0.0625,7.299861490458226e-07,Reptile better,0.0675
kiba,MLP,EF@1%,4.704667195878125,0.040250136128067916,3.75,0.954667195878125,0.0625,7.56561139115562e-07,Reptile better,0.0675
kiba,MLP,EF@5%,4.169594494188393,0.060678385556216054,3.57,0.5995944941883941,0.0625,2.483188190861126e-05,Reptile better,0.0675
kiba,Transformer,R2,0.322681472,0.002765443975950327,0.18,0.142681472,0.0625,3.385188664103696e-08,Reptile better,0.0675
kiba,Transformer,EF@1%,4.704667195878125,0.040250136128067916,4.05,0.6546671958781252,0.0625,3.412028491188618e-06,Reptile better,0.0675
kiba,Transformer,EF@5%,4.169594494188393,0.060678385556216054,3.66,0.5095944941883938,0.0625,4.7345937817272876e-05,Reptile better,0.0675
kiba,GAT_GCN,R2,0.322681472,0.002765443975950327,0.223,0.099681472,0.0625,1.4202584463617767e-07,Reptile better,0.0675
kiba,GAT_GCN,EF@1%,4.704667195878125,0.040250136128067916,4.49,0.21466719587812477,0.0625,0.0002832237952683346,Reptile better,0.0675
kiba,GAT_GCN,EF@5%,4.169594494188393,0.060678385556216054,3.3,0.8695944941883941,0.0625,5.6528313477504735e-06,Reptile better,0.0675
kiba,GCNNet,R2,0.322681472,0.002765443975950327,0.212,0.110681472,0.0625,9.345651582186973e-08,Reptile better,0.0675
kiba,GCNNet,EF@1%,4.704667195878125,0.040250136128067916,4.28,0.42466719587812474,0.0625,1.913822902066091e-05,Reptile better,0.0675
kiba,GCNNet,EF@5%,4.169594494188393,0.060678385556216054,3.59,0.579594494188394,0.0625,2.841385742970706e-05,Reptile better,0.0675
kiba,GATNet,R2,0.322681472,0.002765443975950327,-0.104,0.426681472,0.0625,4.2347837466027043e-10,Reptile better,0.0675
kiba,GATNet,EF@1%,4.704667195878125,0.040250136128067916,3.88,0.8246671958781251,0.0625,1.357649314620742e-06,Reptile better,0.0675
kiba,GATNet,EF@5%,4.169594494188393,0.060678385556216054,3.0,1.1695944941883938,0.0625,1.7324037153215887e-06,Reptile better,0.0675
kiba,GINConvNet,R2,0.322681472,0.002765443975950327,0.12,0.202681472,0.0625,8.315851162523684e-09,Reptile better,0.0675
kiba,GINConvNet,EF@1%,4.704667195878125,0.040250136128067916,4.37,0.3346671958781249,0.0625,4.9260438197994965e-05,Reptile better,0.0675
kiba,GINConvNet,EF@5%,4.169594494188393,0.060678385556216054,3.38,0.789594494188394,0.0625,8.304603902635793e-06,Reptile better,0.0675
