sample,model,pred,cam_ring_fraction,cam_heteroatom_fraction,edge_negative_fraction,gradcam_edge_spearman
davis_sample1_protID0_drugSim1.00_aff8.9,GCNNet,7.71132755279541,0.5106822184772548,0.2306150267206673,-0.4050628893132676,-0.0009491389941610383
davis_sample1_protID0_drugSim1.00_aff8.9,GATNet,6.695450782775879,0.7834794209318581,0.19397074875193035,-0.7938509664050947,-0.11227928448774412
davis_sample1_protID0_drugSim1.00_aff8.9,GAT_GCN,7.648338794708252,0.6455278121425786,0.2722833176497959,-0.47152356248727756,0.19465820980833792
davis_sample1_protID0_drugSim1.00_aff8.9,GINConvNet,7.136126518249512,0.8645184477366977,0.1924831039700239,-0.3786549960111392,0.6539352341494278
davis_sample2_protID0_drugSim1.00_aff6.3,GCNNet,7.244791507720947,0.5702887754790632,0.28957782968638507,-0.30514412179268446,0.29145084525925935
davis_sample2_protID0_drugSim1.00_aff6.3,GATNet,6.582881450653076,0.8104046389914515,0.21876507088837777,-0.8172280399662315,0.08338750353214655
davis_sample2_protID0_drugSim1.00_aff6.3,GAT_GCN,6.746764183044434,0.7026762608141545,0.28596951742358256,-0.5024668520570058,0.3566842905774458
davis_sample2_protID0_drugSim1.00_aff6.3,GINConvNet,6.450379848480225,0.9378590268946566,0.17854580107705306,-0.5618275635846918,0.567402950265745
davis_sample3_protID0_drugSim1.00_aff7.2,GCNNet,6.372827053070068,0.9179187378949146,0.14191386123308194,-0.6447362375625199,0.4245741005871174
davis_sample3_protID0_drugSim1.00_aff7.2,GATNet,6.247786045074463,0.6750893305510771,0.23379062109271692,-0.7240650249743869,-0.142025771395121
davis_sample3_protID0_drugSim1.00_aff7.2,GAT_GCN,6.629232883453369,0.7481484772063794,0.34222637052710286,-0.5015365721564959,0.26024953606285783
davis_sample3_protID0_drugSim1.00_aff7.2,GINConvNet,6.375256538391113,0.7911403707662336,0.0921586306491722,-0.22117873266183183,0.592661910527415
davis_sample4_protID0_drugSim1.00_aff6.1,GCNNet,7.063199996948242,0.7350268332848231,0.3816975927540056,-0.1679672724863231,-0.27828833427046723
davis_sample4_protID0_drugSim1.00_aff6.1,GATNet,5.78963041305542,0.6914435519958329,0.24792963567555415,-0.6637551768702259,0.21482150014617094
davis_sample4_protID0_drugSim1.00_aff6.1,GAT_GCN,6.74201774597168,0.6829261007615762,0.23397150778858045,-0.25190969142692776,0.41275153058325414
davis_sample4_protID0_drugSim1.00_aff6.1,GINConvNet,5.891991138458252,0.3340391262000763,0.40546591074750193,-0.556562707219614,0.610070403097129
davis_sample5_protID0_drugSim1.00_aff6.4,GCNNet,6.1725006103515625,0.03077861051687832,0.14609055386166567,-0.5000791845484219,0.16210311746698466
davis_sample5_protID0_drugSim1.00_aff6.4,GATNet,5.75322961807251,0.4364323875216723,0.2282771237063134,-0.8987290454433209,0.053848218055211575
davis_sample5_protID0_drugSim1.00_aff6.4,GAT_GCN,6.277791500091553,0.2839132853169778,0.22666690714969723,-0.7267409784849735,0.03418228752116796
davis_sample5_protID0_drugSim1.00_aff6.4,GINConvNet,5.793215274810791,0.5832303408057965,0.18090524638688435,-0.1691240270466313,0.702804658696099
davis_sample6_protID0_drugSim1.00_aff7.7,GCNNet,5.77977180480957,0.9999999080364482,0.2802919487182342,-0.578821725543348,0.3292665398553546
davis_sample6_protID0_drugSim1.00_aff7.7,GATNet,5.8444743156433105,0.7155569475507478,0.27976200952070307,-0.7490878123761004,0.0513895648980804
davis_sample6_protID0_drugSim1.00_aff7.7,GAT_GCN,6.518858909606934,0.7851761878200799,0.3984568346208817,-0.12606563656591502,0.10899696800069637
davis_sample6_protID0_drugSim1.00_aff7.7,GINConvNet,5.806714057922363,0.8534883158341906,0.32891791094563955,-0.07546573967603229,0.3683554262197377
