sample,model,smiles,prot_identity,drug_max_tanimoto,affinity,pred
davis_sample1_protID0_drugSim1.00_aff8.9,GCNNet,CNC1CC2OC(C)(C1OC)n1c3ccccc3c3c4c(c5c6ccccc6n2c5c31)C(=O)NC4,0.0,1.0,8.886057,7.71132755279541
davis_sample1_protID0_drugSim1.00_aff8.9,GATNet,CNC1CC2OC(C)(C1OC)n1c3ccccc3c3c4c(c5c6ccccc6n2c5c31)C(=O)NC4,0.0,1.0,8.886057,6.695450782775879
davis_sample1_protID0_drugSim1.00_aff8.9,GAT_GCN,CNC1CC2OC(C)(C1OC)n1c3ccccc3c3c4c(c5c6ccccc6n2c5c31)C(=O)NC4,0.0,1.0,8.886057,7.648338794708252
davis_sample1_protID0_drugSim1.00_aff8.9,GINConvNet,CNC1CC2OC(C)(C1OC)n1c3ccccc3c3c4c(c5c6ccccc6n2c5c31)C(=O)NC4,0.0,1.0,8.886057,7.136126518249512
davis_sample2_protID0_drugSim1.00_aff6.3,GCNNet,CC12OC(CC1(O)CO)n1c3ccccc3c3c4c(c5c6ccccc6n2c5c31)CNC4=O,0.0,1.0,6.309804,7.244791507720947
davis_sample2_protID0_drugSim1.00_aff6.3,GATNet,CC12OC(CC1(O)CO)n1c3ccccc3c3c4c(c5c6ccccc6n2c5c31)CNC4=O,0.0,1.0,6.309804,6.582881450653076
davis_sample2_protID0_drugSim1.00_aff6.3,GAT_GCN,CC12OC(CC1(O)CO)n1c3ccccc3c3c4c(c5c6ccccc6n2c5c31)CNC4=O,0.0,1.0,6.309804,6.746764183044434
davis_sample2_protID0_drugSim1.00_aff6.3,GINConvNet,CC12OC(CC1(O)CO)n1c3ccccc3c3c4c(c5c6ccccc6n2c5c31)CNC4=O,0.0,1.0,6.309804,6.450379848480225
davis_sample3_protID0_drugSim1.00_aff7.2,GCNNet,COc1cc2c(Oc3ccc(NC(=O)C4(C(=O)Nc5ccc(F)cc5)CC4)cc3F)ccnc2cc1OCCCN1CCOCC1,0.0,1.0,7.161151,6.372827053070068
davis_sample3_protID0_drugSim1.00_aff7.2,GATNet,COc1cc2c(Oc3ccc(NC(=O)C4(C(=O)Nc5ccc(F)cc5)CC4)cc3F)ccnc2cc1OCCCN1CCOCC1,0.0,1.0,7.161151,6.247786045074463
davis_sample3_protID0_drugSim1.00_aff7.2,GAT_GCN,COc1cc2c(Oc3ccc(NC(=O)C4(C(=O)Nc5ccc(F)cc5)CC4)cc3F)ccnc2cc1OCCCN1CCOCC1,0.0,1.0,7.161151,6.629232883453369
davis_sample3_protID0_drugSim1.00_aff7.2,GINConvNet,COc1cc2c(Oc3ccc(NC(=O)C4(C(=O)Nc5ccc(F)cc5)CC4)cc3F)ccnc2cc1OCCCN1CCOCC1,0.0,1.0,7.161151,6.375256538391113
davis_sample4_protID0_drugSim1.00_aff6.1,GCNNet,COc1cc(N2CCC(N3CCN(C)CC3)CC2)ccc1Nc1ncc(Cl)c(Nc2ccccc2S(=O)(=O)C(C)C)n1,0.0,1.0,6.1079054,7.063199996948242
davis_sample4_protID0_drugSim1.00_aff6.1,GATNet,COc1cc(N2CCC(N3CCN(C)CC3)CC2)ccc1Nc1ncc(Cl)c(Nc2ccccc2S(=O)(=O)C(C)C)n1,0.0,1.0,6.1079054,5.78963041305542
davis_sample4_protID0_drugSim1.00_aff6.1,GAT_GCN,COc1cc(N2CCC(N3CCN(C)CC3)CC2)ccc1Nc1ncc(Cl)c(Nc2ccccc2S(=O)(=O)C(C)C)n1,0.0,1.0,6.1079054,6.74201774597168
davis_sample4_protID0_drugSim1.00_aff6.1,GINConvNet,COc1cc(N2CCC(N3CCN(C)CC3)CC2)ccc1Nc1ncc(Cl)c(Nc2ccccc2S(=O)(=O)C(C)C)n1,0.0,1.0,6.1079054,5.891991138458252
davis_sample5_protID0_drugSim1.00_aff6.4,GCNNet,CCN(CC)CCNC(=O)c1c(C)[nH]c(C=C2C(=O)Nc3ccc(F)cc32)c1C,0.0,1.0,6.376751,6.1725006103515625
davis_sample5_protID0_drugSim1.00_aff6.4,GATNet,CCN(CC)CCNC(=O)c1c(C)[nH]c(C=C2C(=O)Nc3ccc(F)cc32)c1C,0.0,1.0,6.376751,5.75322961807251
davis_sample5_protID0_drugSim1.00_aff6.4,GAT_GCN,CCN(CC)CCNC(=O)c1c(C)[nH]c(C=C2C(=O)Nc3ccc(F)cc32)c1C,0.0,1.0,6.376751,6.277791500091553
davis_sample5_protID0_drugSim1.00_aff6.4,GINConvNet,CCN(CC)CCNC(=O)c1c(C)[nH]c(C=C2C(=O)Nc3ccc(F)cc32)c1C,0.0,1.0,6.376751,5.793215274810791
davis_sample6_protID0_drugSim1.00_aff7.7,GCNNet,Cc1nc(Nc2ncc(C(=O)Nc3c(C)cccc3Cl)s2)cc(N2CCN(CCO)CC2)n1,0.0,1.0,7.7447276,5.77977180480957
davis_sample6_protID0_drugSim1.00_aff7.7,GATNet,Cc1nc(Nc2ncc(C(=O)Nc3c(C)cccc3Cl)s2)cc(N2CCN(CCO)CC2)n1,0.0,1.0,7.7447276,5.8444743156433105
davis_sample6_protID0_drugSim1.00_aff7.7,GAT_GCN,Cc1nc(Nc2ncc(C(=O)Nc3c(C)cccc3Cl)s2)cc(N2CCN(CCO)CC2)n1,0.0,1.0,7.7447276,6.518858909606934
davis_sample6_protID0_drugSim1.00_aff7.7,GINConvNet,Cc1nc(Nc2ncc(C(=O)Nc3c(C)cccc3Cl)s2)cc(N2CCN(CCO)CC2)n1,0.0,1.0,7.7447276,5.806714057922363
